{"TiempoSleep": 5, "MaxIteraciones": 5}
{"Iteracion": 0, "PuntosX": [1.2448406219482422, 1.226586103439331, 1.208648681640625, 1.198407769203186, 1.1936856508255005, 1.1889411211013794, 1.1863819360733032, 1.1965266466140747, 2.4486801624298096, 2.429885149002075, 2.4134459495544434, 2.3999388217926025, 2.3902411460876465, 1.1120474338531494, 1.0961493253707886, 1.0804080963134766, 1.0690218210220337, 1.064296007156372, 1.0595371723175049, 1.0562273263931274, 1.069191813468933], "PuntosY": [0.8396556377410889, 0.8430092930793762, 0.8463048338890076, 0.8548160791397095, 0.8672634959220886, 0.8797701597213745, 0.8940029740333557, 0.9181271195411682, 1.9131187200546265, 1.9328182935714722, 1.9543702602386475, 1.9783574342727661, 2.005650758743286, 0.9497779607772827, 0.9528681039810181, 0.9558644890785217, 0.9625515341758728, 0.9752476215362549, 0.9880342483520508, 1.0023223161697388, 1.0325067043304443]}
{"Iteracion": 1, "PuntosX": [1.2449774742126465, 1.2267205715179443, 1.2087812423706055, 1.198849081993103, 1.194124698638916, 1.1893781423568726, 1.1872137784957886, 1.1974163055419922, 2.4490573406219482, 2.4303019046783447, 2.4138996601104736, 2.4003891944885254, 2.3907358646392822, 1.112162470817566, 1.0962241888046265, 1.080483078956604, 1.0694749355316162, 1.0647467374801636, 1.0599851608276367, 1.0572924613952637, 1.070266604423523], "PuntosY": [0.8397477269172668, 0.8431017398834229, 0.8463976383209229, 0.855130672454834, 0.8675824403762817, 0.880093514919281, 0.8946297764778137, 0.9188097715377808, 1.9134132862091064, 1.9331492185592651, 1.9547370672225952, 1.978728175163269, 2.0060651302337646, 0.949876606464386, 0.9529329538345337, 0.9559304714202881, 0.9629595279693604, 0.9756603240966797, 0.9884521961212158, 1.0033328533172607, 1.0335445404052734]}
{"Iteracion": 2, "PuntosX": [1.245131015777588, 1.2268706560134888, 1.2089275121688843, 1.199079990386963, 1.1943542957305908, 1.1896064281463623, 1.1875436305999756, 1.1977472305297852, 2.4492533206939697, 2.430495500564575, 2.4140923023223877, 2.4005796909332275, 2.3909249305725098, 1.1122878789901733, 1.0963420867919922, 1.0805981159210205, 1.0696860551834106, 1.0649566650390625, 1.0601935386657715, 1.0576642751693726, 1.070639967918396], "PuntosY": [0.8398516178131104, 0.8432048559188843, 0.8465002775192261, 0.8552953600883484, 0.8677494525909424, 0.8802627921104431, 0.8948783278465271, 0.9190638661384583, 1.913567066192627, 1.9333038330078125, 1.9548935890197754, 1.9788856506347656, 2.0062246322631836, 0.9499838948249817, 0.9530355930328369, 0.9560328125953674, 0.963149905204773, 0.9758533239364624, 0.9886465668678284, 1.0036859512329102, 1.0339053869247437]}
{"Iteracion": 3, "PuntosX": [1.2453261613845825, 1.2270605564117432, 1.2091130018234253, 1.1992840766906738, 1.1945568323135376, 1.1898064613342285, 1.1877743005752563, 1.1979748010635376, 2.449464797973633, 2.4306836128234863, 2.4142587184906006, 2.400742769241333, 2.391066551208496, 1.1124380826950073, 1.0964857339859009, 1.0807384252548218, 1.0698684453964233, 1.065137267112732, 1.060372233390808, 1.0579187870025635, 1.0708914995193481], "PuntosY": [0.8399830460548401, 0.8433355093002319, 0.8466300964355469, 0.8554409742355347, 0.8678961396217346, 0.8804105520248413, 0.895052433013916, 0.9192383289337158, 1.9137319326400757, 1.93345308303833, 1.9550280570983887, 1.9790196418762207, 2.006343364715576, 0.9501119256019592, 0.9531605243682861, 0.9561567306518555, 0.9633141756057739, 0.9760185480117798, 0.9888131618499756, 1.0039273500442505, 1.034148097038269]}
