{"TiempoSleep": 15, "MaxIteraciones": 35}
{"Iteracion": 0, "PuntosX": [3.00824236869812, 3.0143256187438965], "PuntosY": [0.7500389814376831, 0.779557466506958]}
{"Iteracion": 1, "PuntosX": [3.00824236869812, 3.0143256187438965], "PuntosY": [0.7500389814376831, 0.779557466506958]}
{"Iteracion": 2, "PuntosX": [3.00824236869812, 3.0143256187438965], "PuntosY": [0.7500389814376831, 0.779557466506958]}
{"Iteracion": 3, "PuntosX": [3.00824236869812, 3.0143256187438965], "PuntosY": [0.7500389814376831, 0.779557466506958]}
{"Iteracion": 4, "PuntosX": [3.00824236869812, 3.0143256187438965], "PuntosY": [0.7500389814376831, 0.779557466506958]}
{"Iteracion": 5, "PuntosX": [3.00824236869812, 3.0143256187438965], "PuntosY": [0.7500389814376831, 0.779557466506958]}
{"Iteracion": 6, "PuntosX": [3.00824236869812, 3.0143256187438965], "PuntosY": [0.7500389814376831, 0.779557466506958]}
{"Iteracion": 7, "PuntosX": [3.00824236869812, 3.0143256187438965], "PuntosY": [0.7500389814376831, 0.779557466506958]}
{"Iteracion": 8, "PuntosX": [3.00824236869812, 3.0143256187438965], "PuntosY": [0.7500389814376831, 0.779557466506958]}
{"Iteracion": 9, "PuntosX": [3.00824236869812, 3.0143256187438965], "PuntosY": [0.7500389814376831, 0.779557466506958]}
{"Iteracion": 10, "PuntosX": [3.00824236869812, 3.0143256187438965], "PuntosY": [0.7500389814376831, 0.779557466506958]}
{"Iteracion": 11, "PuntosX": [3.00824236869812, 3.0143256187438965], "PuntosY": [0.7500389814376831, 0.779557466506958]}
{"Iteracion": 12, "PuntosX": [3.00824236869812, 3.0143256187438965], "PuntosY": [0.7500389814376831, 0.779557466506958]}
{"Iteracion": 13, "PuntosX": [3.00824236869812, 3.0143256187438965], "PuntosY": [0.7500389814376831, 0.779557466506958]}
{"Iteracion": 14, "PuntosX": [3.00824236869812, 3.0143256187438965], "PuntosY": [0.7500389814376831, 0.779557466506958]}
{"Iteracion": 15, "PuntosX": [3.00824236869812, 3.0143256187438965], "PuntosY": [0.7500389814376831, 0.779557466506958]}
