{"TiempoSleep": 15, "MaxIteraciones": 35}
{"Iteracion": 0, "PuntosX": [3.1933350563049316, 3.18764591217041, 3.145972490310669, 3.1368377208709717], "PuntosY": [-0.3638344705104828, -0.3350353240966797, -0.247593492269516, -0.2193489968776703]}
{"Iteracion": 1, "PuntosX": [3.1960227489471436, 3.1881773471832275, 3.148716926574707, 3.137587070465088], "PuntosY": [-0.3641405701637268, -0.3350910246372223, -0.24780914187431335, -0.21940135955810547]}
{"Iteracion": 2, "PuntosX": [3.1022281646728516, 3.105238199234009, 3.13261342048645, 3.125865936279297], "PuntosY": [0.24415060877799988, 0.2716731131076813, 0.35691601037979126, 0.3838081657886505]}
{"Iteracion": 3, "PuntosX": [2.7271556854248047, 2.7283830642700195, 2.750579833984375, 2.75848126411438], "PuntosY": [0.26259514689445496, 0.2867649793624878, 0.3865690231323242, 0.4122578501701355]}
{"Iteracion": 4, "PuntosX": [3.229776620864868, 3.2442543506622314, 3.1295082569122314, 3.149167776107788], "PuntosY": [-1.018344759941101, -0.9918678402900696, -0.8973718881607056, -0.8733410239219666]}
{"Iteracion": 5, "PuntosX": [2.9308855533599854, 2.9149372577667236, 2.955444574356079, 2.9393725395202637], "PuntosY": [0.7307519316673279, 0.753853976726532, 0.8754428029060364, 0.89865642786026]}
{"Iteracion": 6, "PuntosX": [3.304938554763794, 3.284630298614502, 3.1768195629119873, 3.1588878631591797], "PuntosY": [-0.08654263615608215, -0.05733364447951317, 0.05545169860124588, 0.08271849900484085]}
{"Iteracion": 7, "PuntosX": [3.448371171951294, 3.4385554790496826, 3.421076536178589], "PuntosY": [0.48463699221611023, 0.6372982859611511, 0.6649901270866394]}
{"Iteracion": 8, "PuntosX": [3.3686769008636475, 3.363152503967285, 3.256909132003784, 3.2363033294677734], "PuntosY": [0.9978475570678711, 1.0282189846038818, 1.0582338571548462, 1.0828522443771362]}
{"Iteracion": 9, "PuntosX": [3.1618056297302246, 3.158240795135498, 3.0413529872894287, 3.033282518386841], "PuntosY": [1.245468020439148, 1.2760121822357178, 1.2597699165344238, 1.2875521183013916]}
{"Iteracion": 10, "PuntosX": [2.9925708770751953, 2.968184471130371, 2.973442316055298], "PuntosY": [-0.2881515324115753, -0.15555578470230103, -0.12982338666915894]}
{"Iteracion": 11, "PuntosX": [3.0823612213134766, 3.059418201446533, 3.0621848106384277], "PuntosY": [0.16153986752033234, 0.2945883274078369, 0.32184892892837524]}
{"Iteracion": 12, "PuntosX": [2.911006212234497, 2.899836778640747, 2.873497724533081, 2.882899284362793], "PuntosY": [-0.5132889151573181, -0.4852661192417145, -0.3528209626674652, -0.32846468687057495]}
{"Iteracion": 13, "PuntosX": [3.116671323776245, 3.120572805404663, 3.191206693649292, 3.197145938873291], "PuntosY": [-1.0731556415557861, -1.0441292524337769, -0.9756495952606201, -0.947037935256958]}
{"Iteracion": 14, "PuntosX": [3.119210720062256, 3.120800256729126, 3.091846227645874, 3.0992329120635986], "PuntosY": [-1.0740300416946411, -1.0442050695419312, -0.9748552441596985, -0.9475299715995789]}
{"Iteracion": 15, "PuntosX": [3.3172500133514404, 3.341113328933716], "PuntosY": [-1.0459250211715698, -0.9580487012863159]}
{"Iteracion": 16, "PuntosX": [3.2375943660736084, 3.250152587890625, 3.169771671295166, 3.1636781692504883], "PuntosY": [0.11305931210517883, 0.1419050246477127, 0.19387193024158478, 0.22122584283351898]}
{"Iteracion": 17, "PuntosX": [2.898164987564087, 2.8967466354370117, 2.8195266723632812, 2.8306725025177], "PuntosY": [-0.15188632905483246, -0.12647466361522675, -0.04921500384807587, -0.02470271661877632]}
{"Iteracion": 18, "PuntosX": [3.140392303466797, 3.121965169906616, 3.123115062713623], "PuntosY": [0.6962083578109741, 0.7207623720169067, 0.807692289352417]}
{"Iteracion": 19, "PuntosX": [3.3399250507354736, 3.3215172290802, 3.3199360370635986], "PuntosY": [1.0211176872253418, 1.0792264938354492, 1.110835313796997]}
{"Iteracion": 20, "PuntosX": [3.485145092010498, 3.4638190269470215, 3.5215296745300293, 3.520568370819092], "PuntosY": [1.0323470830917358, 1.0589954853057861, 1.1103336811065674, 1.1439017057418823]}
{"Iteracion": 21, "PuntosX": [3.477220058441162, 3.483879327774048, 3.525287389755249], "PuntosY": [-1.129817008972168, -1.0984629392623901, -1.0442378520965576]}
{"Iteracion": 22, "PuntosX": [3.235872268676758, 3.255147695541382, 3.2129909992218018, 3.221204996109009], "PuntosY": [-0.5997331738471985, -0.5739701986312866, -0.5376701951026917, -0.5101886987686157]}
{"Iteracion": 23, "PuntosX": [2.7252936363220215, 2.715062141418457, 2.7005069255828857, 2.690117359161377], "PuntosY": [0.1428268551826477, 0.1660607010126114, 0.23626384139060974, 0.2590288519859314]}
{"Iteracion": 24, "PuntosX": [2.8007304668426514, 2.8004398345947266, 2.8507418632507324, 2.8514297008514404], "PuntosY": [0.8030965328216553, 0.8295284509658813, 0.8988354206085205, 0.9264858365058899]}
{"Iteracion": 25, "PuntosX": [3.1516242027282715, 3.136953592300415, 3.136514902114868], "PuntosY": [0.3034668266773224, 0.32970723509788513, 0.44080835580825806]}
{"Iteracion": 26, "PuntosX": [3.158278226852417, 3.164135694503784, 3.0828654766082764, 3.0872585773468018], "PuntosY": [-0.3319486081600189, -0.30467137694358826, -0.21557490527629852, -0.18882492184638977]}
{"Iteracion": 27, "PuntosX": [3.4098894596099854, 3.3380703926086426, 3.3379836082458496], "PuntosY": [0.479228675365448, 0.5885918140411377, 0.6186585426330566]}
{"Iteracion": 28, "PuntosX": [2.987205743789673, 2.98587703704834, 2.955094575881958, 2.9678118228912354], "PuntosY": [-1.1168702840805054, -1.0867702960968018, -0.9601685404777527, -0.9357475638389587]}
{"Iteracion": 29, "PuntosX": [2.814340353012085, 2.811136484146118, 2.8362255096435547, 2.8355350494384766], "PuntosY": [-0.34555771946907043, -0.3202882409095764, -0.19832810759544373, -0.1734287440776825]}
{"Iteracion": 30, "PuntosX": [3.4817445278167725, 3.4822826385498047, 3.4974520206451416], "PuntosY": [-0.21295283734798431, -0.12160390615463257, -0.09158395230770111]}
{"Iteracion": 31, "PuntosX": [3.1141669750213623, 3.1119391918182373], "PuntosY": [-0.19047057628631592, -0.16308988630771637]}
{"Iteracion": 32, "PuntosX": [3.2624733448028564, 3.2123427391052246, 3.2234442234039307], "PuntosY": [0.4585108458995819, 0.5953726768493652, 0.6265742182731628]}
{"Iteracion": 33, "PuntosX": [2.7737045288085938, 2.773395299911499, 2.77280330657959, 2.7455506324768066], "PuntosY": [1.009545922279358, 1.036929726600647, 1.092235803604126, 1.10927414894104]}
{"Iteracion": 34, "PuntosX": [2.986680746078491, 2.9820549488067627, 3.0129058361053467, 3.0051560401916504], "PuntosY": [0.6895297169685364, 0.7159280776977539, 0.8073058724403381, 0.8334035873413086]}
{"Iteraciones totales": 35}
