{"TiempoSleep": 15, "MaxIteraciones": 50}
{"Iteracion": 0, "PuntosX": [2.02862548828125, 2.026209831237793, 2.043393611907959, 2.035780668258667, 2.025055408477783, 2.0293757915496826], "PuntosY": [0.017703473567962646, 0.03536766767501831, 0.05350818485021591, 0.17810775339603424, 0.19499056041240692, 0.21329601109027863]}
{"Iteracion": 1, "PuntosX": [2.0299386978149414, 2.0269017219543457, 2.0418179035186768, 2.0374999046325684, 2.0259737968444824, 2.029651641845703], "PuntosY": [0.017714913934469223, 0.03537973761558533, 0.053466979414224625, 0.17825813591480255, 0.1950789839029312, 0.2133251130580902]}
{"Iteracion": 2, "PuntosX": [1.732900619506836, 1.7254362106323242, 1.7282294034957886, 1.7365623712539673, 1.7266497611999512, 1.7275177240371704], "PuntosY": [0.10598882287740707, 0.12065417319536209, 0.1360146850347519, 0.19785632193088531, 0.2120060920715332, 0.2274322360754013]}
{"Iteracion": 3, "PuntosX": [2.046687602996826, 2.0237953662872314, 2.0228302478790283, 2.029130458831787, 2.0203113555908203, 2.0283751487731934], "PuntosY": [0.3058795928955078, 0.32053783535957336, 0.3385058641433716, 0.5059192180633545, 0.5224881768226624, 0.5435017347335815]}
{"Iteracion": 4, "PuntosX": [1.9048765897750854, 1.9152705669403076, 1.9064397811889648, 1.9057539701461792, 1.9205840826034546], "PuntosY": [-1.1673096418380737, -1.1508104801177979, -1.0136719942092896, -0.9920730590820312, -0.9785867929458618]}
{"Iteracion": 5, "PuntosX": [1.9461740255355835, 1.9407609701156616, 1.9497708082199097, 1.9404802322387695, 1.9416016340255737, 1.9611314535140991], "PuntosY": [-0.48523572087287903, -0.46593546867370605, -0.4501398801803589, -0.30734172463417053, -0.2901742160320282, -0.2756190001964569]}
{"Iteracion": 6, "PuntosX": [2.2473304271698, 2.2468419075012207, 2.270817518234253, 2.130826473236084, 2.1192092895507812, 2.127483367919922], "PuntosY": [-0.6232395172119141, -0.6020392775535583, -0.5872731804847717, -0.4919401705265045, -0.4698173999786377, -0.45221051573753357]}
{"Iteracion": 7, "PuntosX": [2.253265142440796, 2.251526117324829, 2.127530097961426, 2.126666307449341], "PuntosY": [0.2766663432121277, 0.296419233083725, 0.39431440830230713, 0.4133821725845337]}
{"Iteracion": 8, "PuntosX": [1.8594341278076172, 1.8511340618133545, 1.8548606634140015, 1.805914044380188, 1.8020695447921753, 1.8128539323806763], "PuntosY": [0.26132652163505554, 0.27665379643440247, 0.2937810719013214, 0.3347063958644867, 0.3502867817878723, 0.3688293695449829]}
{"Iteracion": 9, "PuntosX": [1.8008112907409668, 1.7903201580047607, 1.7928863763809204, 1.8205111026763916, 1.796558141708374, 1.790313959121704], "PuntosY": [0.783015251159668, 0.7971022725105286, 0.8170656561851501, 0.8489183187484741, 0.8569145202636719, 0.8731945157051086]}
{"Iteracion": 10, "PuntosX": [2.1051156520843506, 2.0997893810272217, 2.1045708656311035, 2.1003329753875732], "PuntosY": [0.37118858098983765, 0.3891730010509491, 0.46657228469848633, 0.48489993810653687]}
{"Iteracion": 11, "PuntosX": [2.1324119567871094, 2.1136767864227295, 2.1178228855133057, 2.1129322052001953, 2.114879608154297], "PuntosY": [-0.18656188249588013, -0.16634996235370636, -0.1480923891067505, 1.4738179743289948e-07, 0.018456216901540756]}
{"Iteracion": 12, "PuntosX": [2.3412811756134033, 2.3398430347442627, 2.243415355682373, 2.240065813064575], "PuntosY": [-0.14319895207881927, -0.12262608855962753, -0.07834170013666153, -0.05865815281867981]}
{"Iteracion": 13, "PuntosX": [1.8878724575042725, 1.8914676904678345, 1.9106569290161133, 1.908956527709961, 1.9065788984298706, 1.9189952611923218], "PuntosY": [-1.003799557685852, -0.9846356511116028, -0.9735283851623535, -0.8300380110740662, -0.8092944622039795, -0.7948737144470215]}
{"Iteracion": 14, "PuntosX": [1.922393798828125, 1.9229899644851685, 1.9399518966674805, 1.8786611557006836, 1.866234540939331, 1.8692057132720947], "PuntosY": [-0.30447709560394287, -0.28739261627197266, -0.2726423144340515, -0.21404632925987244, -0.19614911079406738, -0.17998385429382324]}
{"Iteracion": 15, "PuntosX": [2.1913843154907227, 2.187333583831787, 2.197988510131836, 2.182241439819336, 2.1859564781188965], "PuntosY": [0.09567807614803314, 0.11463341116905212, 0.192299023270607, 0.21012577414512634, 0.2297533005475998]}
{"Iteracion": 16, "PuntosX": [2.127096176147461, 2.1193575859069824, 2.1234445571899414, 2.113525629043579], "PuntosY": [0.8165156841278076, 0.8348371386528015, 0.945418655872345, 0.9631893634796143]}
{"Iteracion": 17, "PuntosX": [1.9595482349395752, 1.9514923095703125, 1.9599969387054443, 1.8561482429504395, 1.8470792770385742, 1.8521299362182617], "PuntosY": [0.561891496181488, 0.5780583024024963, 0.5992310643196106, 0.6391229629516602, 0.6540848016738892, 0.6741201877593994]}
{"Iteracion": 18, "PuntosX": [1.9966773986816406, 1.994835615158081, 2.0098507404327393, 2.0489907264709473, 2.038198471069336, 2.0429537296295166], "PuntosY": [-0.10464141517877579, -0.08709637075662613, -0.07018566876649857, 0.017881300300359726, 0.03557700663805008, 0.05349671095609665]}
{"Iteracion": 19, "PuntosX": [2.1706600189208984, 2.172816514968872, 2.22320294380188, 2.2142412662506104, 2.2239747047424316], "PuntosY": [-0.0947730541229248, -0.07587635517120361, 8.405186235904694e-08, 0.01932346262037754, 0.038819897919893265]}
{"Iteracion": 20, "PuntosX": [2.356415271759033, 2.354982614517212, 2.2801520824432373, 2.273747682571411, 2.287785530090332], "PuntosY": [-0.39432859420776367, -0.372992604970932, -0.3204544484615326, -0.2993447482585907, -0.28090497851371765]}
{"Iteracion": 21, "PuntosX": [1.910575270652771, 1.9149349927902222, 1.8557440042495728, 1.855761170387268, 1.8688606023788452], "PuntosY": [-0.6207835674285889, -0.603776752948761, -0.49724510312080383, -0.47993233799934387, -0.4659593105316162]}
{"Iteracion": 22, "PuntosX": [1.92384934425354, 1.93174147605896, 1.9176044464111328, 1.9252718687057495], "PuntosY": [-1.0664069652557373, -1.0488500595092773, -0.9352779984474182, -0.918307363986969]}
{"Iteracion": 23, "PuntosX": [1.6860474348068237, 1.6803902387619019, 1.6855334043502808, 1.6850383281707764, 1.675637125968933, 1.678467035293579, 1.6946349143981934], "PuntosY": [-0.3892546594142914, -0.3725334703922272, -0.3582712411880493, -0.3123032748699188, -0.29545992612838745, -0.2808789312839508, -0.2684037983417511]}
{"Iteracion": 24, "PuntosX": [1.8026530742645264, 1.792710542678833, 1.7946752309799194, 1.7920434474945068, 1.7880672216415405, 1.7961301803588867], "PuntosY": [0.11025521904230118, 0.12535861134529114, 0.1412440985441208, 0.17255425453186035, 0.18793360888957977, 0.20464323461055756]}
{"Iteracion": 25, "PuntosX": [2.360922336578369, 2.3623173236846924, 2.3932461738586426, 2.378795862197876, 2.388583183288574], "PuntosY": [0.4375709891319275, 0.45918789505958557, 0.5305700898170471, 0.5491882562637329, 0.5734479427337646]}
{"Iteracion": 26, "PuntosX": [2.354391098022461, 2.347625494003296, 2.365449905395508, 2.327418565750122, 2.3166890144348145, 2.327075242996216], "PuntosY": [-0.02054636925458908, 1.6973353922367096e-07, 0.020642995834350586, 0.08127547055482864, 0.10114912688732147, 0.12195688486099243]}
{"Iteracion": 27, "PuntosX": [2.0850014686584473, 2.080754041671753, 2.092776298522949, 2.1855742931365967, 2.174563407897949, 2.1821653842926025], "PuntosY": [-0.27449584007263184, -0.25548452138900757, -0.23844166100025177, -0.172008216381073, -0.15206021070480347, -0.13346707820892334]}
{"Iteracion": 28, "PuntosX": [1.8965129852294922, 1.878701090812683, 1.7151116132736206, 1.7051126956939697, 1.7060800790786743], "PuntosY": [0.6902742981910706, 0.7024174928665161, 0.6583696603775024, 0.6716616153717041, 0.6893011331558228]}
{"Iteracion": 29, "PuntosX": [2.012411117553711, 2.0054218769073486, 2.013171672821045, 2.019371271133423, 1.9996066093444824, 2.001655101776123], "PuntosY": [-0.2292853593826294, -0.2107784003019333, -0.19384631514549255, -0.10583090037107468, -0.0873047411441803, -0.06989939510822296]}
{"Iteracion": 30,