{"TiempoSleep": 15, "MaxIteraciones": 50}
{"Iteracion": 0, "PuntosX": [1.7080929279327393, 1.7071655988693237, 1.7164642810821533, 1.7848645448684692, 1.780662178993225, 1.7883180379867554], "PuntosY": [-0.3165762424468994, -0.30101916193962097, -0.2872374653816223, 0.2033596783876419, 0.21863792836666107, 0.23543673753738403]}
{"Iteracion": 1, "PuntosX": [1.7094969749450684, 1.7079782485961914, 1.7167617082595825, 1.7856812477111816, 1.7813717126846313, 1.7888712882995605], "PuntosY": [-0.31683623790740967, -0.3011624813079834, -0.2872871160507202, 0.20345282554626465, 0.21872520446777344, 0.23550954461097717]}
{"Iteracion": 2, "PuntosX": [1.8097715377807617, 1.810610055923462, 1.8239855766296387, 1.6600120067596436, 1.6579582691192627, 1.665500521659851], "PuntosY": [-0.5880302786827087, -0.5708830952644348, -0.5576483607292175, -0.2927047908306122, -0.2774469554424286, -0.26378926634788513]}
{"Iteracion": 3, "PuntosX": [1.7139925956726074, 1.7129193544387817, 1.725602149963379, 1.761587381362915, 1.7606955766677856, 1.7727912664413452], "PuntosY": [-1.0919334888458252, -1.0703506469726562, -1.0574501752853394, -0.9170242547988892, -0.8971191048622131, -0.8838807344436646]}
{"Iteracion": 4, "PuntosX": [1.7870712280273438, 1.78831946849823, 1.8018333911895752, 1.7671397924423218, 1.758248209953308, 1.762852668762207], "PuntosY": [-0.685992419719696, -0.6686251759529114, -0.655813455581665, -0.4242527484893799, -0.4059235751628876, -0.3908151686191559]}
{"Iteracion": 5, "PuntosX": [2.1656441688537598, 2.162738800048828, 2.1783573627471924, 2.0650076866149902, 2.056509494781494, 2.0642354488372803], "PuntosY": [-0.6414932608604431, -0.6201554536819458, -0.6041117906570435, 0.32706499099731445, 0.3441416025161743, 0.36398032307624817]}
{"Iteracion": 6, "PuntosX": [2.212071418762207, 2.2175400257110596, 2.212639570236206, 2.207016944885254], "PuntosY": [-0.4299831688404083, -0.410996675491333, 0.33068111538887024, 0.3495570421218872]}
{"Iteracion": 7, "PuntosX": [2.0652170181274414, 2.062016010284424, 2.078523874282837, 2.187126398086548, 2.180701971054077], "PuntosY": [0.03604867681860924, 0.053995829075574875, 0.07258375734090805, 0.9059371948242188, 0.9256532788276672]}
{"Iteracion": 8, "PuntosX": [2.390298843383789, 2.391024589538574, 2.4118123054504395, 2.4095311164855957], "PuntosY": [-0.20912402868270874, -0.18817763030529022, 0.3604477643966675, 0.38163238763809204]}
{"Iteracion": 9, "PuntosX": [2.3916525840759277, 2.3916800022125244, 2.0133371353149414, 2.009350538253784, 2.0283074378967285], "PuntosY": [-0.20924237370491028, -0.18822923302650452, 0.28295591473579407, 0.3002994656562805, 0.32125240564346313]}
{"Iteracion": 10, "PuntosX": [1.869317889213562, 1.8721967935562134, 1.8902441263198853, 1.6989593505859375, 1.6865911483764648, 1.685889482498169, 1.6996549367904663], "PuntosY": [-1.0576093196868896, -1.0377756357192993, -1.0263186693191528, 0.14863967895507812, 0.16240018606185913, 0.17719410359859467, 0.19365113973617554]}
{"Iteracion": 11, "PuntosX": [2.16994047164917, 2.172396183013916, 2.199477195739746, 2.113546133041382, 2.112288236618042], "PuntosY": [-1.0583504438400269, -1.0361799001693726, -1.0256332159042358, 0.03689204901456833, 0.055312175303697586]}
{"Iteracion": 12, "PuntosX": [2.0687317848205566, 2.0853476524353027, 1.7987072467803955, 1.794329047203064, 1.8047529458999634], "PuntosY": [-1.3179270029067993, -1.3030694723129272, -0.9164870977401733, -0.8946191072463989, -0.880236804485321]}
{"Iteracion": 13, "PuntosX": [1.8929245471954346, 1.8983945846557617, 1.921534776687622, 1.6247931718826294, 1.6160978078842163, 1.6178946495056152, 1.6316035985946655], "PuntosY": [-1.2059259414672852, -1.1862484216690063, -1.1775181293487549, -0.17077265679836273, -0.1556122750043869, -0.1415473222732544, -0.12840987741947174]}
{"Iteracion": 14, "PuntosX": [1.8007481098175049, 1.7873871326446533, 1.7863415479660034, 2.1684067249298096, 2.160233497619629], "PuntosY": [0.49939170479774475, 0.5125249624252319, 0.5291386246681213, 1.057603120803833, 1.0770528316497803]}
{"Iteracion": 15, "PuntosX": [2.1747238636016846, 2.16512131690979, 2.174201011657715, 2.3401172161102295, 2.3420753479003906], "PuntosY": [-0.34444233775138855, -0.3235795795917511, -0.3055639863014221, 0.26662275195121765, 0.2875709533691406]}
{"Iteracion": 16, "PuntosX": [2.266951322555542, 2.2720320224761963, 2.320988893508911, 2.315830707550049, 2.3385605812072754], "PuntosY": [-0.5025711059570312, -0.4829352796077728, -0.040512990206480026, -0.02020983211696148, 6.607115210499614e-08]}
{"Iteracion": 17, "PuntosX": [1.9425736665725708, 1.9433534145355225, 1.9616800546646118, 1.8462841510772705, 1.841052770614624, 1.8476179838180542], "PuntosY": [-0.30767345428466797, -0.2904360294342041, -0.2756960988044739, 0.032227057963609695, 0.04820970073342323, 0.06452026963233948]}
{"Iteracion": 18, "PuntosX": [1.6966394186019897, 1.6947987079620361, 1.7042397260665894, 1.6937592029571533, 1.689866304397583, 1.697123408317566], "PuntosY": [-0.7377198338508606, -0.7193995714187622, -0.7059191465377808, 0.28343814611434937, 0.2979690432548523, 0.314543217420578]}
{"Iteracion": 19, "PuntosX": [1.7714169025421143, 1.7669929265975952, 1.7734180688858032, 1.7234301567077637, 1.7146453857421875, 1.7167274951934814], "PuntosY": [-0.26473984122276306, -0.2483346313238144, -0.23347482085227966, 0.4779495298862457, 0.49166664481163025, 0.5085178017616272]}
{"Iteracion": 20, "PuntosX": [2.077270030975342, 2.070215940475464, 2.080625534057617, 2.0735671520233154, 2.0635175704956055, 2.077705144882202], "PuntosY": [-0.6153152585029602, -0.5936247706413269, -0.5770082473754883, 0.7547171115875244, 0.771517813205719, 0.797556459903717]}
{"Iteracion": 21, "PuntosX": [1.899694800376892, 1.891698956489563, 1.8965858221054077, 1.9128224849700928, 1.8946796655654907, 1.8946199417114258], "PuntosY": [-0.0663389265537262, -0.049535881727933884, -0.033105283975601196, 0.05008893832564354, 0.06616371124982834, 0.08272097259759903]}
{"Iteracion": 22, "PuntosX": [2.1043784618377686, 2.097302198410034, 2.108597993850708, 1.9965248107910156, 1.9908089637756348], "PuntosY": [-0.6635077595710754, -0.641209602355957, -0.6245953440666199, 0.5349674224853516, 0.5521003007888794]}
{"Iteracion": 23, "PuntosX": [1.8214725255966187, 1.8200304508209229, 1.8306952714920044, 2.306788921356201, 2.2939555644989014, 2.3017258644104004], "PuntosY": [-0.20753061771392822, -0.19129300117492676, -0.17627574503421783, 0.1815483123064041, 0.20069532096385956, 0.2216309905052185]}
{"Iteracion": 24, "PuntosX": [2.3046674728393555, 2.3074207305908203, 1.9959490299224854, 1.993538737297058, 2.009178638458252], "PuntosY": [-0.9546245336532593, -0.9322584867477417, 0.01741829700767994, 0.03479732573032379, 0.052612196654081345]}
{"Iteracion": 25, "PuntosX": [2.2572200298309326, 2.262446641921997, 2.245731830596924, 2.252258539199829], "PuntosY": [-1.2770740985870361, -1.2540948390960693, -0.29565614461898804, -0.2765427529811859]}
{"Iteracion": 26, "PuntosX": [1.7583085298538208, 1.7651910781860352, 1.7878482341766357, 2.1198394298553467, 2.116086959838867], "PuntosY": [-1.324980616569519, -1.306172251701355, -1.2989476919174194, 0.3928890526294708, 0.4113258123397827]}
{"Iteracion": 27, "PuntosX": [1.8387044668197632, 1.8270454406738281, 1.8319947719573975, 1.7023351192474365, 1.6950658559799194, 1.6980245113372803], "PuntosY": [-0.492679238319397, -0.4725058376789093, -0.45676758885383606, -0.08921559154987335, -0.07400819659233093, -0.05929628759622574]}
{"Iteracion": 28, "PuntosX": [2.2031445503234863, 2.205806016921997, 2.041980266571045, 2.020371913909912, 2.0207555294036865], "PuntosY": [-0.3489435613155365, -0.3296598792076111, 0.10701567679643631, 0.12357145547866821, 0.14130480587482452]}
{"Iteracion": 29, "PuntosX": [1.7620245218276978, 1.750921368598938, 1.7525094747543335, 1.7728242874145508, 1.9961448907852173, 1.9918493032455444],