{"TiempoSleep": 5, "MaxIteraciones": 60}
{"Iteracion": 0, "PuntosX": [1.7120929956436157, 1.7096397876739502, 1.7181857824325562, 1.588006615638733, 1.5828466415405273, 1.586148977279663], "PuntosY": [0.04483282193541527, 0.05970197916030884, 0.07501766830682755, 0.1389325112104416, 0.15241073071956635, 0.1667110174894333]}
{"Iteracion": 1, "PuntosX": [1.734597086906433, 1.7277497053146362, 1.7322062253952026, 1.6170753240585327, 1.6040337085723877, 1.6009737253189087], "PuntosY": [0.46478399634361267, 0.47914743423461914, 0.4967021942138672, 0.5568037033081055, 0.5680181980133057, 0.5827069878578186]}
{"Iteracion": 2, "PuntosX": [1.7654366493225098, 1.7483025789260864, 1.744217038154602, 1.6307514905929565, 1.6190640926361084, 1.6201937198638916], "PuntosY": [0.958554208278656, 0.969100296497345, 0.9868308305740356, 1.0590227842330933, 1.0716354846954346, 1.092834711074829]}
{"Iteracion": 3, "PuntosX": [1.7436931133270264, 1.7342063188552856, 1.638798713684082, 1.615978479385376, 1.6075979471206665], "PuntosY": [1.4892548322677612, 1.5075222253799438, 1.5825693607330322, 1.5880173444747925, 1.607598066329956]}
{"Iteracion": 4, "PuntosX": [1.762905478477478, 1.7403641939163208, 1.7338542938232422, 1.6287105083465576], "PuntosY": [1.5596874952316284, 1.5670310258865356, 1.5887848138809204, 1.6573882102966309]}
{"Iteracion": 5, "PuntosX": [2.2434496879577637, 2.2340521812438965, 2.1285316944122314, 2.1091010570526123], "PuntosY": [1.6002368927001953, 1.623133897781372, 1.6931109428405762, 1.7079169750213623]}
{"Iteracion": 6, "PuntosX": [2.186570882797241, 2.1805102825164795, 2.0657272338867188, 2.051804542541504], "PuntosY": [1.9007571935653687, 1.9291532039642334, 1.9948499202728271, 2.0163023471832275]}
{"Iteracion": 7, "PuntosX": [2.185990333557129, 2.1767337322235107], "PuntosY": [2.0744271278381348, 2.1020472049713135]}
{"Iteracion": 8, "PuntosX": [2.2268965244293213, 2.213916063308716, 2.0935769081115723, 2.0886926651000977], "PuntosY": [1.4739505052566528, 1.4933048486709595, 1.5776232481002808, 1.602710247039795]}
{"Iteracion": 9, "PuntosX": [2.086073875427246, 2.07550048828125, 1.966382622718811, 1.9508824348449707, 1.9526468515396118], "PuntosY": [0.9727523326873779, 0.9899633526802063, 1.0676589012145996, 1.0813920497894287, 1.1047545671463013]}
{"Iteracion": 10, "PuntosX": [2.0899617671966553, 2.0879390239715576, 1.9806067943572998, 1.9631588459014893, 1.96181321144104], "PuntosY": [0.48250558972358704, 0.5012695789337158, 0.5679298639297485, 0.5815143585205078, 0.5997865200042725]}
{"Iteracion": 11, "PuntosX": [1.890059471130371, 1.8750916719436646, 1.876095175743103, 1.750694990158081, 1.7479183673858643, 1.756795883178711], "PuntosY": [-0.03299114480614662, -0.016363652423024178, 3.480818122625351e-08, 0.07643704861402512, 0.09160465747117996, 0.10745037347078323]}
{"Iteracion": 12, "PuntosX": [2.182448625564575, 2.186342716217041, 2.058831214904785, 2.0562028884887695, 2.070244312286377], "PuntosY": [-0.30672305822372437, -0.2878374755382538, -0.21639183163642883, -0.19798961281776428, -0.1811227798461914]}
{"Iteracion": 13, "PuntosX": [2.21398663520813, 2.221043586730957, 2.089669704437256, 2.0888659954071045, 2.1062066555023193], "PuntosY": [-0.5520089268684387, -0.5332251787185669, -0.4632686972618103, -0.4440023899078369, -0.4285125434398651]}
{"Iteracion": 14, "PuntosX": [2.2509467601776123, 2.2485671043395996, 2.268108606338501, 2.120469570159912, 2.129190683364868], "PuntosY": [-0.8640573620796204, -0.8407046794891357, -0.825523853302002, -0.7508977651596069, -0.7331392168998718]}
{"Iteracion": 15, "PuntosX": [2.284821033477783, 2.158665657043457, 2.1720783710479736], "PuntosY": [-1.3458621501922607, -1.2463061809539795, -1.2289025783538818]}
{"Iteracion": 16, "PuntosX": [2.1668593883514404, 2.1795730590820312], "PuntosY": [-1.5743156671524048, -1.554674506187439]}
{"Iteracion": 17, "PuntosX": [1.6890881061553955, 1.6877511739730835, 1.7013243436813354], "PuntosY": [-1.2498595714569092, -1.2262223958969116, -1.2135425806045532]}
{"Iteracion": 18, "PuntosX": [2.172555685043335, 2.1776931285858154], "PuntosY": [-1.607607126235962, -1.582186222076416]}
{"Iteracion": 19, "PuntosX": [2.0416810512542725, 2.03155255317688, 1.9097328186035156, 1.9054330587387085, 1.9169299602508545], "PuntosY": [-0.973831832408905, -0.9473284482955933, -0.8703151941299438, -0.8483534455299377, -0.8335049748420715]}
{"Iteracion": 20, "PuntosX": [2.391270637512207, 2.3942337036132812, 2.267336130142212, 2.2651383876800537], "PuntosY": [-0.25133273005485535, -0.23053845763206482, -0.15854746103286743, -0.13854193687438965]}
{"Iteracion": 21, "PuntosX": [2.0788958072662354, 2.0606439113616943, 2.062891960144043, 1.944330096244812, 1.9340513944625854, 1.9374204874038696], "PuntosY": [2.2584572434425354e-08, 0.017982911318540573, 0.03600802645087242, 0.1018982082605362, 0.11829183250665665, 0.135477676987648]}
{"Iteracion": 22, "PuntosX": [1.9600110054016113, 1.954752802848816, 1.9632441997528076, 1.9458848237991333, 1.935288906097412, 1.9384795427322388], "PuntosY": [-0.05132463574409485, -0.034120455384254456, -0.017132988199591637, 0.10197950154542923, 0.11836749315261841, 0.13555161654949188]}
{"Iteracion": 23, "PuntosX": [1.7924474477767944, 1.7789623737335205, 1.7790154218673706, 1.8004987239837646, 1.7820422649383545, 1.7609901428222656, 1.7581746578216553, 1.7688117027282715], "PuntosY": [0.06259376555681229, 0.07767137140035629, 0.09323430806398392, 0.110123410820961, 0.21880750358104706, 0.23183897137641907, 0.24709537625312805, 0.2643507719039917]}
{"Iteracion": 24, "PuntosX": [1.9235196113586426, 1.920078158378601, 1.9052557945251465, 1.9000139236450195], "PuntosY": [0.42643415927886963, 0.44328492879867554, 0.5824951529502869, 0.5990720391273499]}
{"Iteracion": 25, "PuntosX": [1.7207422256469727, 1.7120689153671265, 1.7167654037475586, 1.7017428874969482, 1.6924161911010742, 1.698548674583435], "PuntosY": [0.7661240100860596, 0.7802348732948303, 0.8005409240722656, 0.9239709973335266, 0.9381217360496521, 0.9609925746917725]}
{"Iteracion": 26, "PuntosX": [2.28275728225708, 2.261577606201172, 2.2632155418395996, 2.2434277534484863, 2.2414050102233887], "PuntosY": [0.8762684464454651, 0.8908591270446777, 0.9143985509872437, 1.0461277961730957, 1.0690957307815552]}
{"Iteracion": 27, "PuntosX": [2.21488356590271, 2.2110307216644287, 2.230407476425171, 2.1988608837127686, 2.1904070377349854, 2.2004058361053467], "PuntosY": [-0.038661014288663864, -0.01929525099694729, 1.6298145055770874e-09, 0.11523762345314026, 0.13397125899791718, 0.15386734902858734]}
{"Iteracion": 28, "PuntosX": [2.3174729347229004, 2.3104665279388428, 2.3275322914123535, 2.2912065982818604, 2.2923035621643066], "PuntosY": [-0.889594554901123, -0.8638480305671692, -0.847152590751648, -0.7224146127700806, -0.7008274793624878]}
{"Iteracion": 29, "PuntosX": [1.8415696620941162, 1.8481926918029785, 1.8738932609558105, 1.8216454982757568, 1.826418161392212, 1.8463525772094727], "PuntosY": [-1.0847675800323486, -1.0670545101165771, -1.0601977109909058, -0.9281747341156006, -0.9106184840202332, -0.9005261659622192]}
{"Iteracion": 30, "PuntosX": [2.3643007278442383, 2.381979465484619, 2.348553419113159, 2.3492252826690674], "PuntosY": [-1.814191222190857, -1.7949498891830444, -1.6752067804336548, -1.6449450254440308]}
{"Iteracion": 31, "PuntosX": [1.888328194618225, 1.8917466402053833, 1.9108866453170776, 1.8676491975784302, 1.873145341873169], "PuntosY": [-0.8605606555938721, -0.84225994348526, -0.8308771848678589, -0.6982852220535278, -0.6817691326141357]}
{"Iteracion": 32, "PuntosX": [1.7162758111953735, 1.7114053964614868, 1.7166743278503418, 1.7078089714050293, 1.693501591682434, 1.691683292388916, 1.7038081884384155], "PuntosY": [0.07493443787097931, 0.08969104290008545, 0.10499642789363861, 0.2248374968767166, 0.23800617456436157, 0.25282374024391174, 0.26985669136047363]}
{"Iteracion": 33,