{"TiempoSleep": 15, "MaxIteraciones": 50}
{"Iteracion": 0, "PuntosX": [2.8651371002197266, 2.8508410453796387, 2.8565478324890137, 2.8510630130767822], "PuntosY": [0.050011251121759415, 0.07465207576751709, 0.22481538355350494, 0.24943575263023376]}
{"Iteracion": 1, "PuntosX": [2.8671889305114746, 2.8518331050872803, 2.8579394817352295, 2.8519327640533447], "PuntosY": [0.05004698038101196, 0.07467806339263916, 0.22492483258247375, 0.24951200187206268]}
{"Iteracion": 2, "PuntosX": [2.9625117778778076, 2.9510438442230225, 3.024336099624634], "PuntosY": [0.12934616208076477, 0.1546575278043747, 0.3445793688297272]}
{"Iteracion": 3, "PuntosX": [3.1238293647766113, 3.121779203414917, 3.1275036334991455, 3.119499921798706], "PuntosY": [-0.635550320148468, -0.6068127155303955, -0.49534791707992554, -0.46621233224868774]}
{"Iteracion": 4, "PuntosX": [3.2875993251800537, 3.3111562728881836, 3.287043333053589], "PuntosY": [-0.31655946373939514, -0.28968849778175354, -0.17226651310920715]}
{"Iteracion": 5, "PuntosX": [3.1451728343963623, 3.1473443508148193, 3.151041030883789], "PuntosY": [0.5263211727142334, 0.6403342485427856, 0.6697745323181152]}
{"Iteracion": 6, "PuntosX": [3.2043583393096924, 3.1847195625305176, 3.112659454345703, 3.119354486465454], "PuntosY": [-0.13990537822246552, -0.11121278256177902, -0.08150773495435715, -0.054448675364255905]}
{"Iteracion": 7, "PuntosX": [3.085552453994751, 3.0855674743652344, 3.106778144836426, 3.1218080520629883], "PuntosY": [-1.0324113368988037, -1.0025615692138672, -0.9498370885848999, -0.924721360206604]}
{"Iteracion": 8, "PuntosX": [2.7755320072174072, 2.7761316299438477, 2.818216323852539, 2.798699378967285], "PuntosY": [0.4396011531352997, 0.4645652174949646, 0.49692755937576294, 0.5187081098556519]}
{"Iteracion": 9, "PuntosX": [3.288306713104248, 3.268300771713257, 3.2451155185699463], "PuntosY": [0.6391822099685669, 0.6649430990219116, 0.7491938471794128]}
{"Iteracion": 10, "PuntosX": [3.2233152389526367, 3.2101376056671143, 3.1883883476257324, 3.1910459995269775], "PuntosY": [1.0163073539733887, 1.043036937713623, 1.1920896768569946, 1.2249280214309692]}
{"Iteracion": 11, "PuntosX": [3.2785842418670654, 3.2551088333129883, 3.2626609802246094], "PuntosY": [0.2868391275405884, 0.3996773660182953, 0.42953792214393616]}
{"Iteracion": 12, "PuntosX": [3.2357940673828125, 3.2333285808563232, 3.154205083847046, 3.1781511306762695], "PuntosY": [-0.7768454551696777, -0.7464724779129028, -0.641730010509491, -0.6177698969841003]}
{"Iteracion": 13, "PuntosX": [3.4604241847991943, 3.4638378620147705, 3.464768886566162], "PuntosY": [-0.8949262499809265, -0.7996898293495178, -0.7681207060813904]}
{"Iteracion": 14, "PuntosX": [3.3426384925842285, 3.2931008338928223], "PuntosY": [-0.20444464683532715, -0.11499781161546707]}
{"Iteracion": 15, "PuntosX": [3.240628480911255, 3.247241973876953, 3.2391741275787354], "PuntosY": [0.9599178433418274, 1.1181148290634155, 1.1470515727996826]}
{"Iteracion": 16, "PuntosX": [2.8519513607025146, 2.863588333129883, 2.8448007106781006, 2.8265347480773926], "PuntosY": [0.502875804901123, 0.5307344198226929, 0.5787813067436218, 0.6007985472679138]}
{"Iteracion": 17, "PuntosX": [3.0232019424438477, 3.017493486404419, 2.9929733276367188, 3.0006299018859863], "PuntosY": [-0.05277019366621971, -0.026333138346672058, 0.026119373738765717, 0.052376553416252136]}
{"Iteracion": 18, "PuntosX": [3.1845998764038086, 3.188466787338257, 3.188305616378784, 3.1835925579071045], "PuntosY": [0.3347151279449463, 0.36327987909317017, 0.4480869472026825, 0.47579097747802734]}
{"Iteracion": 19, "PuntosX": [2.885197401046753, 2.8874382972717285, 2.882965087890625], "PuntosY": [0.32872676849365234, 0.3545330762863159, 0.43086203932762146]}
{"Iteracion": 20, "PuntosX": [2.750826835632324, 2.7327709197998047, 2.6829378604888916, 2.6912589073181152], "PuntosY": [0.33775925636291504, 0.35977625846862793, 0.4730742573738098, 0.49879512190818787]}
{"Iteracion": 21, "PuntosX": [3.222858428955078, 3.2505152225494385, 3.1471292972564697, 3.1668734550476074], "PuntosY": [-1.0471700429916382, -1.0248832702636719, -0.9322219491004944, -0.9080860018730164]}
{"Iteracion": 22, "PuntosX": [3.2949445247650146, 3.2959563732147217, 3.2973170280456543, 3.2928390502929688], "PuntosY": [0.11506202071905136, 0.14390471577644348, 0.23057085275650024, 0.2591521441936493]}
{"Iteracion": 23, "PuntosX": [2.897932291030884, 2.8923544883728027, 2.991572380065918, 3.0044541358947754], "PuntosY": [0.12652671337127686, 0.1515820324420929, 0.23544208705425262, 0.26285576820373535]}
{"Iteracion": 24, "PuntosX": [3.0347108840942383, 3.0302233695983887, 3.153479814529419, 3.1518006324768066], "PuntosY": [0.7006180286407471, 0.7274921536445618, 0.7862510085105896, 0.8151108622550964]}
{"Iteracion": 25, "PuntosX": [3.284025192260742, 3.2750022411346436, 3.3146469593048096, 3.2928757667541504], "PuntosY": [0.8799518942832947, 0.9082384705543518, 0.9818432927131653, 1.0067331790924072]}
{"Iteracion": 26, "PuntosX": [3.2910430431365967, 3.2915596961975098, 3.3201122283935547, 3.305220127105713], "PuntosY": [0.4625259339809418, 0.49192702770233154, 0.5854253172874451, 0.6125861406326294]}
{"Iteracion": 27, "PuntosX": [2.9435739517211914, 2.966330051422119, 2.9641876220703125], "PuntosY": [-1.404012680053711, -1.3832224607467651, -1.3197416067123413]}
{"Iteracion": 28, "PuntosX": [3.354874610900879, 3.369717597961426, 3.329955816268921, 3.329500198364258], "PuntosY": [-0.898935854434967, -0.8714679479598999, -0.8302509188652039, -0.7993423342704773]}
{"Iteracion": 29, "PuntosX": [2.6765968799591064, 2.6571264266967773, 2.6717419624328613, 2.6801841259002686, 2.679616928100586], "PuntosY": [-0.16370761394500732, -0.13925401866436005, -0.11665085703134537, -0.07018309831619263, -0.046772778034210205]}
{"Iteracion": 30, "PuntosX": [3.1933350563049316, 3.18764591217041, 3.145972490310669, 3.1368377208709717], "PuntosY": [-0.3638344705104828, -0.3350353240966797, -0.247593492269516, -0.2193489968776703]}
{"Iteracion": 31, "PuntosX": [3.1960227489471436, 3.1881773471832275, 3.148716926574707, 3.137587070465088], "PuntosY": [-0.3641405701637268, -0.3350910246372223, -0.24780914187431335, -0.21940135955810547]}
{"Iteracion": 32, "PuntosX": [3.1022281646728516, 3.105238199234009, 3.13261342048645, 3.125865936279297], "PuntosY": [0.24415060877799988, 0.2716731131076813, 0.35691601037979126, 0.3838081657886505]}
{"Iteracion": 33, "PuntosX": [2.7271556854248047, 2.7283830642700195, 2.750579833984375, 2.75848126411438], "PuntosY": [0.26259514689445496, 0.2867649793624878, 0.3865690231323242, 0.4122578501701355]}
{"Iteracion": 34, "PuntosX": [3.229776620864868, 3.2442543506622314, 3.1295082569122314, 3.149167776107788], "PuntosY": [-1.018344759941101, -0.9918678402900696, -0.8973718881607056, -0.8733410239219666]}
{"Iteracion": 35, "PuntosX": [2.9308855533599854, 2.9149372577667236, 2.955444574356079, 2.9393725395202637], "PuntosY": [0.7307519316673279, 0.753853976726532, 0.8754428029060364, 0.89865642786026]}
{"Iteracion": 36, "PuntosX": [3.304938554763794, 3.284630298614502, 3.1768195629119873, 3.1588878631591797], "PuntosY": [-0.08654263615608215, -0.05733364447951317, 0.05545169860124588, 0.08271849900484085]}
{"Iteracion": 37, "PuntosX": [3.448371171951294, 3.4385554790496826, 3.421076536178589], "PuntosY": [0.48463699221611023, 0.6372982859611511, 0.6649901270866394]}
{"Iteracion": 38, "PuntosX": [3.3686769008636475, 3.363152503967285, 3.256909132003784, 3.2363033294677734], "PuntosY": [0.9978475570678711, 1.0282189846038818, 1.0582338571548462, 1.0828522443771362]}
{"Iteracion": 39, "PuntosX": [3.1618056297302246, 3.158240795135498, 3.0413529872894287, 3.033282518386841], "PuntosY": [1.245468020439148, 1.2760121822357178, 1.2597699165344238, 1.2875521183013916]}
{"Iteracion": 40, "PuntosX": [2.9925708770751953, 2.968184471130371, 2.973442316055298], "PuntosY": [-0.2881515324115753, -0.15555578470230103, -0.12982338666915894]}
{"Iteracion": 41,