{"TiempoSleep": 5, "MaxIteraciones": 3}
{"Iteracion": 0, "PuntosX": [1.7251909971237183, 1.7066372632980347, 1.6995820999145508, 1.6932013034820557, 1.7029763460159302, 1.712857723236084, 1.7469233274459839, 1.7461477518081665, 1.723567008972168, 1.7168740034103394, 1.7102279663085938, 1.714395523071289, 1.7252126932144165, 1.76485013961792], "PuntosY": [-0.12063691020011902, -0.10438231378793716, -0.08907115459442139, -0.07392674684524536, -0.059469208121299744, -0.044852711260318756, -0.03049272485077381, 0.04572461172938347, 0.0601884201169014, 0.07496039569377899, 0.0896294116973877, 0.10485715419054031, 0.12063859403133392, 0.13889677822589874]}
{"Iteracion": 1, "PuntosX": [1.7260708808898926, 1.7070952653884888, 1.7000353336334229, 1.6934860944747925, 1.7032606601715088, 1.7131426334381104, 1.7466728687286377, 1.746821641921997, 1.7239975929260254, 1.7173019647598267, 1.7106527090072632, 1.7146793603897095, 1.7254966497421265, 1.764330267906189], "PuntosY": [-0.1206984892487526, -0.10441040992736816, -0.08909498900175095, -0.07393918931484222, -0.05947918817400932, -0.04486009478569031, -0.030488310381770134, 0.04574219509959221, 0.06020349636673927, 0.07497923076152802, 0.08965159207582474, 0.10487457364797592, 0.12065847963094711, 0.13885587453842163]}
{"Iteracion": 2, "PuntosX": [1.7274012565612793, 1.707645297050476, 1.7005811929702759, 1.693753957748413, 1.703480839729309, 1.7133607864379883, 1.7459008693695068, 1.7478162050247192, 1.7244951725006104, 1.717795491218567, 1.7111414670944214, 1.7148890495300293, 1.725704312324524, 1.7628967761993408], "PuntosY": [-0.12079159915447235, -0.10444425046443939, -0.08912364393472672, -0.07395101338624954, -0.05948692560195923, -0.04486595839262009, -0.03047492727637291, 0.04576818645000458, 0.06022069603204727, 0.07500068098306656, 0.08967717736959457, 0.10488719493150711, 0.1206728145480156, 0.13874299824237823]}
{"Iteraciones totales": 3}
