{"TiempoSleep": 15, "MaxIteraciones": 50}
{"Iteracion": 0, "PuntosX": [2.9000887870788574, 2.8722879886627197, 2.8608627319335938, 2.8578810691833496, 2.861693859100342, 2.871800422668457, 2.8910584449768066, 2.9303343296051025, 2.854222059249878, 2.8233561515808105, 2.8070175647735596, 2.798234462738037, 2.7963032722473145, 2.80047345161438, 2.81266450881958, 2.843714475631714], "PuntosY": [-0.4593290090560913, -0.4292663633823395, -0.4020681381225586, -0.3762474060058594, -0.3513719141483307, -0.32720038294792175, -0.303862601518631, -0.28215906023979187, 0.24971212446689606, 0.2718581259250641, 0.29502952098846436, 0.31881850957870483, 0.34334293007850647, 0.3686894476413727, 0.3952943980693817, 0.424996018409729]}
{"Iteracion": 1, "PuntosX": [2.902736186981201, 2.8738908767700195, 2.8621702194213867, 2.8587522506713867, 2.8623602390289307, 2.8722498416900635, 2.8909339904785156, 2.928833246231079, 2.8563735485076904, 2.824739933013916, 2.8081753253936768, 2.7990522384643555, 2.7969579696655273, 2.8009533882141113, 2.812678575515747, 2.8425323963165283], "PuntosY": [-0.45974791049957275, -0.42950570583343506, -0.40225183963775635, -0.37636178731918335, -0.35145366191864014, -0.3272511959075928, -0.3038492500782013, -0.2820144295692444, 0.2499004453420639, 0.2719916105270386, 0.2951514720916748, 0.31891196966171265, 0.3434235751628876, 0.3687528371810913, 0.3952963650226593, 0.42481932044029236]}
{"Iteracion": 2, "PuntosX": [2.9046287536621094, 2.875204086303711, 2.8633201122283936, 2.8596651554107666, 2.8631629943847656, 2.872938871383667, 2.8913233280181885, 2.92850661277771, 2.8578145503997803, 2.8258509635925293, 2.8091881275177, 2.799966335296631, 2.797764539718628, 2.8016908168792725, 2.8132355213165283, 2.8426363468170166], "PuntosY": [-0.46004801988601685, -0.42970213294029236, -0.4024132788181305, -0.3764822781085968, -0.35155242681503296, -0.3273298740386963, -0.3038903772830963, -0.2819828689098358, 0.2500264346599579, 0.2720983624458313, 0.29525768756866455, 0.31901583075523376, 0.34352239966392517, 0.36884984374046326, 0.39537447690963745, 0.4248347580432892]}
