{"TiempoSleep": 5, "MaxIteraciones": 3}
{"Iteracion": 0, "PuntosX": [1.7462080717086792, 1.7008949518203735, 1.6938742399215698, 1.6869184970855713, 1.6858104467391968, 1.6955935955047607, 1.7054839134216309, 1.7557499408721924, 1.7623637914657593, 1.7267671823501587, 1.7117702960968018, 1.7051666975021362, 1.6986085176467896, 1.7069905996322632, 1.7178218364715576], "PuntosY": [-0.13742949068546295, -0.11893802881240845, -0.10360175371170044, -0.08840762078762054, -0.07360417395830154, -0.05921129509806633, -0.04465970769524574, -0.030646946281194687, 0.030762189999222755, 0.04521705582737923, 0.0597764290869236, 0.07444934546947479, 0.08902036398649216, 0.10440418124198914, 0.12012173980474472]}
{"Iteracion": 1, "PuntosX": [1.7472490072250366, 1.7013680934906006, 1.6943432092666626, 1.6873835325241089, 1.686055064201355, 1.695837378501892, 1.7057279348373413, 1.755277156829834, 1.7631539106369019, 1.727531909942627, 1.7122085094451904, 1.705601453781128, 1.6990396976470947, 1.7072263956069946, 1.718056321144104], "PuntosY": [-0.13751138746738434, -0.1189710795879364, -0.103630430996418, -0.0884319320321083, -0.0736146941781044, -0.059219926595687866, -0.044666044414043427, -0.030638527125120163, 0.03077603504061699, 0.04523706063628197, 0.05979180708527565, 0.07446833699941635, 0.08904296159744263, 0.1044185683131218, 0.12013816088438034]}
{"Iteracion": 2, "PuntosX": [1.7485288381576538, 1.7019160985946655, 1.6948869228363037, 1.6879229545593262, 1.6863094568252563, 1.6960903406143188, 1.7059791088104248, 1.754652976989746, 1.7641017436981201, 1.728448748588562, 1.7127015590667725, 1.706089973449707, 1.69952392578125, 1.7074772119522095, 1.7183059453964233], "PuntosY": [-0.1376122385263443, -0.1190093532204628, -0.10366372764110565, -0.08846025168895721, -0.07362587749958038, -0.05922875553369522, -0.044672563672065735, -0.030627654865384102, 0.03079257532954216, 0.04526101425290108, 0.059808991849422455, 0.07448969036340714, 0.08906839042901993, 0.10443408042192459, 0.12015572935342789]}
{"Iteraciones totales": 3}
