{"TiempoSleep": 5, "MaxIteraciones": 3}
{"Iteracion": 0, "PuntosX": [1.7439485788345337, 1.6995693445205688, 1.6925560235977173, 1.6856071949005127, 1.6848509311676025, 1.6946308612823486, 1.704506516456604, 1.755401372909546, 1.7607898712158203, 1.7252328395843506, 1.7106115818023682, 1.7040132284164429, 1.6974602937698364, 1.7058836221694946, 1.7167110443115234], "PuntosY": [-0.13725169003009796, -0.1188453882932663, -0.10352112352848053, -0.08833888173103333, -0.07356228679418564, -0.05917779728770256, -0.04463399574160576, -0.030640702694654465, 0.03073473460972309, 0.04517683759331703, 0.05973587930202484, 0.0743989497423172, 0.0889601856470108, 0.10433652997016907, 0.12004407495260239]}
{"Iteracion": 1, "PuntosX": [1.7452691793441772, 1.7003339529037476, 1.6933164596557617, 1.6863634586334229, 1.685394287109375, 1.6951758861541748, 1.7050652503967285, 1.7557189464569092, 1.7616565227508545, 1.7260785102844238, 1.7112473249435425, 1.7046458721160889, 1.6980905532836914, 1.7065502405166626, 1.717378854751587], "PuntosY": [-0.13735567033290863, -0.11889882385730743, -0.10356778651475906, -0.08837856352329254, -0.07358594238758087, -0.05919693782925606, -0.044648729264736176, -0.030646272003650665, 0.030749814584851265, 0.045198891311883926, 0.05975808948278427, 0.07442659139633179, 0.08899316936731339, 0.10437729209661484, 0.12009076029062271]}
{"Iteracion": 2, "PuntosX": [1.7458964586257935, 1.7007368803024292, 1.6937175989151, 1.686763048171997, 1.6857140064239502, 1.695496916770935, 1.705387830734253, 1.7558317184448242, 1.7621294260025024, 1.726540207862854, 1.711625099182129, 1.7050217390060425, 1.6984648704528809, 1.706891417503357, 1.717722773551941], "PuntosY": [-0.13740500807762146, -0.1189269945025444, -0.10359223186969757, -0.08839934319257736, -0.0735999345779419, -0.05920804291963577, -0.044657155871391296, -0.030648287385702133, 0.03075813688337803, 0.04521098732948303, 0.0597713440656662, 0.07444290816783905, 0.08901280164718628, 0.10439812391996384, 0.12011487036943436]}
{"Iteraciones totales": 3}
