{"TiempoSleep": 10, "MaxIteraciones": 50}
{"Iteracion": 0, "PuntosX": [1.120835781097412, 1.1177918910980225, 1.1147456169128418, 1.1220746040344238, 1.1317986249923706, 1.1415581703186035, 1.1551899909973145, 1.1781723499298096, 1.2016222476959229, 1.1790225505828857, 1.176228404045105, 1.1734782457351685, 1.1779617071151733, 1.1875983476638794, 1.197288990020752, 1.2073179483413696, 1.2338424921035767, 1.2615662813186646], "PuntosY": [-0.9404930472373962, -0.9214368462562561, -0.9027035236358643, -0.8925385475158691, -0.8842578530311584, -0.8759483098983765, -0.8704981803894043, -0.8718017935752869, -0.8730297088623047, -0.7803781032562256, -0.7638516426086426, -0.7475882172584534, -0.7360720038414001, -0.7277611494064331, -0.7194039225578308, -0.7111645936965942, -0.7123592495918274, -0.7137599587440491]}
{"Iteracion": 1, "PuntosX": [1.1211670637130737, 1.1181423664093018, 1.1150946617126465, 1.122179388999939, 1.1319040060043335, 1.1416635513305664, 1.155057668685913, 1.1780353784561157, 1.201498031616211, 1.1793591976165771, 1.1765632629394531, 1.173811912536621, 1.1780732870101929, 1.1877105236053467, 1.1974012851715088, 1.2071609497070312, 1.2336477041244507, 1.2613646984100342], "PuntosY": [-0.94077068567276, -0.9217252135276794, -0.9029858112335205, -0.892621636390686, -0.8843399882316589, -0.8760289549827576, -0.8703981637954712, -0.8717002868652344, -0.8729391098022461, -0.7806007862091064, -0.764069139957428, -0.7478004693984985, -0.7361416220664978, -0.7278296947479248, -0.7194711565971375, -0.711071789264679, -0.7122466564178467, -0.7136457562446594]}
{"Iteracion": 2, "PuntosX": [0.8361519575119019, 0.8515996932983398, 0.8674260377883911, 0.8835726380348206], "PuntosY": [-0.8361517190933228, -0.8368645906448364, -0.8376635909080505, -0.8384790420532227]}
{"Iteracion": 3, "PuntosX": [0.8361519575119019, 0.8515996932983398, 0.8674260377883911, 0.8835726380348206], "PuntosY": [-0.8361517190933228, -0.8368645906448364, -0.8376635909080505, -0.8384790420532227]}
{"Iteracion": 4, "PuntosX": [0.8361519575119019, 0.8515996932983398, 0.8674260377883911, 0.8835726380348206], "PuntosY": [-0.8361517190933228, -0.8368645906448364, -0.8376635909080505, -0.8384790420532227]}
{"Iteracion": 5, "PuntosX": [0.7485817074775696, 0.7463014721870422, 0.7440699934959412, 0.7445650696754456, 0.7511257529258728, 0.7577780485153198, 0.7644500732421875, 0.7711425423622131, 0.7792330384254456, 0.7944393157958984, 0.8100320100784302, 0.8260294795036316, 0.8092790842056274, 0.8062207102775574, 0.8043289184570312, 0.8024665713310242, 0.8008539080619812, 0.8070398569107056, 0.8136053085327148, 0.8202095031738281, 0.8268541097640991, 0.8334197998046875, 0.8495216369628906, 0.8693568706512451, 0.8899427056312561], "PuntosY": [-0.6859487295150757, -0.6719728708267212, -0.6582974195480347, -0.6472402811050415, -0.6415218710899353, -0.6358512043952942, -0.6301639080047607, -0.624458909034729, -0.6198297142982483, -0.6206837892532349, -0.6215593814849854, -0.6224576234817505, -0.5356498956680298, -0.5235655307769775, -0.5124136805534363, -0.5014365315437317, -0.4907638132572174, -0.48491841554641724, -0.4792499542236328, -0.4735480546951294, -0.4678114950656891, -0.4619721472263336, -0.4612525701522827, -0.4622451364994049, -0.46327486634254456]}
{"Iteracion": 6, "PuntosX": [0.692980170249939, 0.6580557227134705, 0.6493214964866638, 0.6480436325073242, 0.6467815637588501, 0.6455358266830444, 0.6443051695823669, 0.6430891156196594, 0.6473446488380432, 0.6525799036026001, 0.6578588485717773, 0.6631830334663391, 0.6685536503791809, 0.6739726066589355, 0.6857008337974548, 0.7067063450813293, 0.7287009954452515, 0.7486781477928162, 0.7336287498474121, 0.7192187309265137, 0.7082167863845825, 0.7070496082305908, 0.7058907747268677, 0.7047410607337952, 0.7035996913909912, 0.7024663686752319, 0.7014564275741577, 0.7048706412315369, 0.7109450101852417, 0.7171048521995544, 0.7233530282974243, 0.7296923398971558, 0.7406396269798279], "PuntosY": [-0.3762575089931488, -0.34989428520202637, -0.3380153179168701, -0.33019471168518066, -0.3224732577800751, -0.31484872102737427, -0.30731770396232605, -0.2998773455619812, -0.29501184821128845, -0.290547251701355, -0.286045104265213, -0.28150439262390137, -0.2769239842891693, -0.2723025977611542, -0.27010467648506165, -0.27127906680107117, -0.2724500894546509, -0.2146800011396408, -0.20345322787761688, -0.19271405041217804, -0.18315726518630981, -0.1762872338294983, -0.16946932673454285, -0.16270221769809723, -0.1559842824935913, -0.149313822388649, -0.14271286129951477, -0.13701292872428894, -0.13176578283309937, -0.12644490599632263, -0.12104766815900803, -0.11557189375162125, -0.11068926751613617]}
{"Iteraciones totales": 7}
