{"TiempoSleep": 15, "MaxIteraciones": 10}
{"Iteracion": 0, "PuntosX": [1.874202847480774, 1.864100694656372, 1.8682154417037964, 1.8871583938598633, 1.885895013809204, 1.900272250175476], "PuntosY": [-0.26340213418006897, -0.24541375041007996, -0.22938816249370575, -6.810296326875687e-08, 0.016457967460155487, 0.03316940739750862]}
{"Iteracion": 1, "PuntosX": [1.9419910907745361, 1.9424357414245605, 1.9594876766204834, 1.8118891716003418, 1.806711196899414, 1.814527988433838], "PuntosY": [-0.3249775767326355, -0.307651549577713, -0.29284724593162537, 0.3194848895072937, 0.3348540663719177, 0.3527085483074188]}
{"Iteracion": 2, "PuntosX": [2.0280263423919678, 2.0213096141815186, 2.0323424339294434, 2.017616033554077, 2.01342511177063, 2.0240046977996826], "PuntosY": [-0.7582478523254395, -0.7356966137886047, -0.7196899652481079, -0.17651833593845367, -0.1584598422050476, -0.1415320187807083]}
{"Iteracion": 3, "PuntosX": [2.229505777359009, 2.2212634086608887, 2.2342710494995117, 2.2185888290405273, 2.214017391204834, 2.2296547889709473], "PuntosY": [-0.6816282868385315, -0.6579682230949402, -0.6406669616699219, -0.17460665106773376, -0.15481901168823242, -0.13637150824069977]}
{"Iteracion": 4, "PuntosX": [1.8571606874465942, 1.855002999305725, 1.8697623014450073, 1.824499249458313, 1.8205196857452393, 1.8295873403549194], "PuntosY": [-1.2060538530349731, -1.1817671060562134, -1.1683567762374878, -0.6282253265380859, -0.6091372966766357, -0.594468891620636]}
{"Iteracion": 5, "PuntosX": [1.8558846712112427, 1.868978500366211, 1.8269753456115723, 1.8215748071670532, 1.8298448324203491], "PuntosY": [-1.1823291778564453, -1.1678671836853027, -0.6290778517723083, -0.6094903349876404, -0.5945525765419006]}
{"Iteracion": 6, "PuntosX": [1.7690205574035645, 1.760159969329834, 1.762365460395813], "PuntosY": [0.26438188552856445, 0.27878186106681824, 0.2949187159538269]}
{"Iteracion": 7, "PuntosX": [1.7690205574035645, 1.760159969329834, 1.762365460395813], "PuntosY": [0.26438188552856445, 0.27878186106681824, 0.2949187159538269]}
{"Iteracion": 8, "PuntosX": [1.7690205574035645, 1.760159969329834, 1.762365460395813], "PuntosY": [0.26438188552856445, 0.27878186106681824, 0.2949187159538269]}
{"Iteracion": 9, "PuntosX": [1.7690205574035645, 1.760159969329834, 1.762365460395813], "PuntosY": [0.26438188552856445, 0.27878186106681824, 0.2949187159538269]}
{"Iteraciones totales": 10}
