{"TiempoSleep": 10, "MaxIteraciones": 50}
{"Iteracion": 0, "PuntosX": [2.6624131202697754, 2.6460278034210205, 2.6436493396759033, 2.655949592590332, 2.6969051361083984, 2.68453311920166, 2.6504340171813965, 2.6402060985565186, 2.652949094772339, 2.686875104904175], "PuntosY": [-0.3741776943206787, -0.34835636615753174, -0.32459959387779236, -0.30260714888572693, -0.28345629572868347, -0.21127723157405853, -0.18533621728420258, -0.16148191690444946, -0.13903523981571198, -0.11731143295764923]}
{"Iteracion": 1, "PuntosX": [2.66567063331604, 2.647038459777832, 2.644211530685425, 2.656511068344116, 2.6971211433410645, 2.68643856048584, 2.6512491703033447, 2.6409120559692383, 2.6536548137664795, 2.6873695850372314], "PuntosY": [-0.3746357262134552, -0.34848925471305847, -0.3246684968471527, -0.30267098546028137, -0.2834790349006653, -0.21142736077308655, -0.18539318442344666, -0.16152524948120117, -0.1390722543001175, -0.11733327060937881]}
{"Iteracion": 2, "PuntosX": [3.0118072032928467, 2.9735236167907715, 2.9709019660949707, 2.981187582015991, 3.0023281574249268, 2.892880916595459, 2.8756861686706543, 2.8733060359954834, 2.8917808532714844, 2.9406049251556396], "PuntosY": [0.05257119983434677, 0.07786442339420319, 0.10374627262353897, 0.1301615685224533, 0.15734528005123138, 0.20228983461856842, 0.22632136940956116, 0.2513815760612488, 0.2784467041492462, 0.30906999111175537]}
{"Iteracion": 3, "PuntosX": [2.9837138652801514, 2.968120813369751, 2.966064214706421, 2.9730639457702637, 3.1567835807800293, 3.1037957668304443, 3.08841872215271, 3.0862069129943848, 3.0936784744262695], "PuntosY": [-0.47257375717163086, -0.44358858466148376, -0.4168528616428375, -0.391411155462265, -0.387604296207428, -0.3536326587200165, -0.32460594177246094, -0.2971676290035248, -0.27066171169281006]}
{"Iteracion": 4, "PuntosX": [3.3242616653442383, 3.321197271347046, 3.3371970653533936, 3.3715460300445557, 3.2722911834716797, 3.2790029048919678, 3.2992348670959473, 3.34734845161438], "PuntosY": [-1.0801180601119995, -1.0471692085266113, -1.0202833414077759, -0.9986974000930786, -0.9074864387512207, -0.8786062598228455, -0.8532400131225586, -0.8345878720283508]}
{"Iteracion": 5, "PuntosX": [3.378124237060547, 3.3565750122070312, 3.3562686443328857, 3.2128336429595947, 3.2009167671203613, 3.2049560546875, 3.216963768005371, 3.2431530952453613], "PuntosY": [-0.08845914155244827, -0.05858940631151199, -0.02928958460688591, 1.1678639566525817e-07, 0.027934029698371887, 0.055942896753549576, 0.08423933386802673, 0.11325369775295258]}
{"Iteracion": 6, "PuntosX": [3.3904073238372803, 3.3788740634918213, 3.383519172668457, 3.257141590118408, 3.2330496311187744, 3.2264046669006348, 3.2311956882476807, 3.2678985595703125], "PuntosY": [1.004284381866455, 1.0330255031585693, 1.0668195486068726, 1.0583093166351318, 1.0817636251449585, 1.110939860343933, 1.14422607421875, 1.189417839050293]}
{"Iteracion": 7, "PuntosX": [2.8664779663085938, 2.8165793418884277, 2.796246290206909, 2.7861833572387695, 2.7864930629730225, 2.9543418884277344, 2.903360605239868, 2.8825957775115967, 2.8709819316864014, 2.871138334274292], "PuntosY": [0.4283980429172516, 0.4461021423339844, 0.46793121099472046, 0.4912793040275574, 0.5164456963539124, 0.5742658972740173, 0.5906952619552612, 0.6127148270606995, 0.6364816427230835, 0.6628544926643372]}
{"Iteracion": 8, "PuntosX": [2.953202962875366, 2.9457478523254395, 2.9503602981567383, 2.9636342525482178, 2.8393895626068115, 2.8285911083221436, 2.8263838291168213, 2.8390777111053467, 2.858480215072632], "PuntosY": [-0.33647486567497253, -0.3096106946468353, -0.2840871214866638, -0.25928449630737305, -0.223464697599411, -0.19779427349567413, -0.1728692650794983, -0.14878985285758972, -0.12480416893959045]}
{"Iteracion": 9, "PuntosX": [2.909543752670288, 2.891585111618042, 2.87902569770813, 2.8775432109832764, 2.87935471534729, 2.9042792320251465, 3.057283639907837], "PuntosY": [0.305805504322052, 0.3294544219970703, 0.35350024700164795, 0.37883591651916504, 0.40466684103012085, 0.43404754996299744, 0.4842262268066406]}
{"Iteracion": 10, "PuntosX": [2.676605701446533, 2.639549732208252, 2.6270501613616943, 2.617389678955078, 2.6236507892608643, 2.6501598358154297, 2.75989031791687, 2.7473058700561523, 2.73722767829895, 2.744036912918091, 2.7855207920074463], "PuntosY": [-0.07008930295705795, -0.04607352986931801, -0.02292569726705551, 2.6579073164612055e-08, 0.022896209731698036, 0.046258777379989624, 0.07227028161287308, 0.09593808650970459, 0.11951005458831787, 0.14380891621112823, 0.17037013173103333]}
{"Iteracion": 11, "PuntosX": [2.6610281467437744, 2.6535725593566895, 2.6692981719970703, 2.699976682662964, 2.7443318367004395, 2.704364776611328, 2.6974008083343506, 2.714709758758545, 2.7566843032836914], "PuntosY": [-0.9162651300430298, -0.8878729939460754, -0.8673076033592224, -0.8512993454933167, -0.7869247198104858, -0.7499866485595703, -0.7227664589881897, -0.702071487903595, -0.6873188018798828]}
{"Iteracion": 12, "PuntosX": [3.151733160018921, 3.1592857837677, 3.188800811767578, 3.2409274578094482, 3.1051688194274902, 3.1126255989074707, 3.132577896118164, 3.1641829013824463], "PuntosY": [-1.5032998323440552, -1.4731991291046143, -1.4532206058502197, -1.4429540634155273, -1.3501657247543335, -1.3212313652038574, -1.2975560426712036, -1.278412938117981]}
{"Iteracion": 13, "PuntosX": [3.328850030899048, 3.3279645442962646, 3.3438711166381836, 3.3885436058044434, 3.293992042541504, 3.2821178436279297, 3.2893903255462646, 3.3281030654907227], "PuntosY": [-0.6470625996589661, -0.6168014407157898, -0.5896145701408386, -0.5670478343963623, -0.49229028820991516, -0.4612716734409332, -0.4330565631389618, -0.4086398482322693]}
{"Iteracion": 14, "PuntosX": [3.392141103744507, 3.3776328563690186, 3.380837917327881, 3.390279769897461, 3.2437973022460938, 3.238603115081787, 3.247929573059082, 3.271813154220581], "PuntosY": [-0.08882632106542587, -0.05895693972706795, -0.029504185542464256, -9.580435289535671e-08, 0.028308002278208733, 0.056529924273490906, 0.08504997193813324, 0.11425423622131348]}
{"Iteracion": 15, "PuntosX": [3.299023151397705, 3.263302803039551, 3.255967617034912, 3.275942802429199, 3.3269243240356445, 3.3048624992370605, 3.3010025024414062], "PuntosY": [-0.115204356610775, -0.08545271307229996, -0.0568331703543663, -0.028588686138391495, 0.058071963489055634, 0.08654098957777023, 0.11527359485626221]}
{"Iteracion": 16, "PuntosX": [2.892904758453369, 2.8634836673736572, 2.8565921783447266, 2.876605987548828, 2.912172317504883, 2.9044692516326904, 2.907615900039673, 2.9303150177001953], "PuntosY": [-0.5361680388450623, -0.5049093961715698, -0.47802942991256714, -0.45560967922210693, -0.35757020115852356, -0.33092251420021057, -0.30560287833213806, -0.28215715289115906]}
{"Iteracion": 17, "PuntosX": [2.71484112739563, 2.7143990993499756, 2.730813503265381, 2.6527798175811768, 2.6177453994750977, 2.6177406311035156, 2.63340425491333, 2.6491658687591553, 2.6887378692626953], "PuntosY": [-1.0421301126480103, -1.014872431755066, -0.9939346313476562, -0.9393987059593201, -0.901361882686615, -0.8758836984634399, -0.8556448817253113, -0.8352788090705872, -0.8220296502113342]}
{"Iteracion": 18, "PuntosX": [2.6155378818511963, 2.613022804260254, 2.6244089603424072, 2.640312910079956, 2.52004337310791, 2.5175182819366455, 2.517742395401001, 2.5329160690307617, 2.5482065677642822, 2.5881245136260986], "PuntosY": [-0.8246758580207825, -0.7988811731338501, -0.7773851752281189, -0.7570973634719849, -0.6988698840141296, -0.6745669841766357, -0.6511319875717163, -0.63152676820755, -0.6117702126502991, -0.5975154042243958]}
{"Iteracion": 19, "PuntosX": [2.7407047748565674, 2.712214469909668, 2.6939642429351807, 2.686434745788574, 2.6826603412628174, 2.696507692337036], "PuntosY": [0.9705343246459961, 0.9871654510498047, 1.0072319507598877, 1.0312258005142212, 1.056727647781372, 1.089459776878357]}
{"Iteracion": 20,