{"TiempoSleep": 5, "MaxIteraciones": 50}
{"Iteracion": 0, "PuntosX": [2.8211960792541504, 2.7573354244232178, 2.7262463569641113, 2.712610960006714, 2.7237749099731445, 2.8282554149627686, 2.762378454208374, 2.728623390197754, 2.714726448059082, 2.723320245742798], "PuntosY": [1.596156120300293, 1.5919480323791504, 1.6058814525604248, 1.6299006938934326, 1.6691312789916992, 1.7672895193099976, 1.7598296403884888, 1.7719887495040894, 1.7968378067016602, 1.8369022607803345]}
{"Iteracion": 1, "PuntosX": [2.9980623722076416, 2.953932046890259, 2.9403178691864014, 2.9417483806610107, 2.991548538208008, 2.9530625343322754, 2.939514636993408, 2.9451045989990234], "PuntosY": [0.8880666494369507, 0.9031076431274414, 0.9270787835121155, 0.9558318853378296, 1.059362769126892, 1.0748264789581299, 1.0990391969680786, 1.1305195093154907]}
{"Iteracion": 2, "PuntosX": [3.2022907733917236, 3.186703681945801, 3.1974105834960938, 3.256035804748535, 3.2033209800720215, 3.188297986984253, 3.1971819400787354], "PuntosY": [0.0838550329208374, 0.1112823337316513, 0.13960225880146027, 0.17064185440540314, 0.25210699439048767, 0.27894026041030884, 0.3078535199165344]}
{"Iteracion": 3, "PuntosX": [2.712803840637207, 2.696104049682617, 2.686387777328491, 2.702488899230957, 2.744692325592041, 2.7055628299713135, 2.693244695663452, 2.691208600997925], "PuntosY": [0.6014140844345093, 0.6224445104598999, 0.644944429397583, 0.6738063097000122, 0.7611704468727112, 0.7758076190948486, 0.797775387763977, 0.8227850198745728]}
{"Iteracion": 4, "PuntosX": [2.7065367698669434, 2.6927123069763184, 2.6942155361175537, 2.7071495056152344, 2.708965301513672, 2.6959049701690674, 2.691577911376953, 2.7051525115966797], "PuntosY": [-0.14184360206127167, -0.11756642162799835, -0.09408405423164368, -0.07088916003704071, 0.023640906438231468, 0.04705723375082016, 0.07048167288303375, 0.09446623921394348]}
{"Iteracion": 5, "PuntosX": [3.234081506729126, 3.2149264812469482, 3.2272183895111084, 3.2606706619262695, 3.230320453643799, 3.215024709701538, 3.230008840560913, 3.2751097679138184], "PuntosY": [-0.7169786095619202, -0.6833537817001343, -0.6565847396850586, -0.6338101625442505, -0.5405702590942383, -0.5092096328735352, -0.4827280640602112, -0.4602864980697632]}
{"Iteracion": 6, "PuntosX": [2.7295286655426025, 2.716926097869873, 2.7292697429656982, 2.754070997238159, 2.7260947227478027, 2.719139575958252, 2.7317354679107666, 2.7661142349243164], "PuntosY": [-0.705903947353363, -0.6774054169654846, -0.6552393436431885, -0.6358273029327393, -0.5298990607261658, -0.503962516784668, -0.4816783666610718, -0.4628886282444]}
{"Iteracion": 7, "PuntosX": [2.943236827850342, 2.9562454223632812, 2.9805779457092285, 3.054137706756592, 2.9576308727264404, 2.9470512866973877, 2.960737943649292, 2.995511054992676], "PuntosY": [-1.279755711555481, -1.2548516988754272, -1.2345954179763794, -1.2339518070220947, -1.135327935218811, -1.1018571853637695, -1.077620506286621, -1.0607659816741943]}
{"Iteracion": 8, "PuntosX": [2.746617317199707, 2.757469892501831, 2.778398036956787, 2.8150041103363037, 2.754340887069702, 2.7533071041107178, 2.7667577266693115, 2.803795576095581], "PuntosY": [-1.6831295490264893, -1.6568553447723389, -1.6366016864776611, -1.625243067741394, -1.5267564058303833, -1.4949239492416382, -1.4711114168167114, -1.4595636129379272]}
{"Iteracion": 9, "PuntosX": [2.7330470085144043, 2.7062172889709473, 2.709106683731079, 2.7386107444763184, 2.829468250274658, 2.8032569885253906, 2.8062093257904053, 2.8339741230010986], "PuntosY": [-1.7077969312667847, -1.6583714485168457, -1.6277953386306763, -1.6131647825241089, -1.5683999061584473, -1.5220441818237305, -1.4920872449874878, -1.4752731323242188]}
{"Iteracion": 10, "PuntosX": [2.9057841300964355, 2.908453941345215, 2.9268441200256348, 3.0324106216430664, 3.0030946731567383, 3.0059306621551514, 3.027388572692871], "PuntosY": [-1.293738603591919, -1.2646318674087524, -1.2423715591430664, -1.19449782371521, -1.152780294418335, -1.1238714456558228, -1.1018791198730469]}
{"Iteracion": 11, "PuntosX": [2.7102293968200684, 2.6817376613616943, 2.682727813720703, 2.690258026123047, 2.7227284908294678, 2.7911128997802734, 2.7788381576538086, 2.781316041946411, 2.8069379329681396], "PuntosY": [-0.9332066774368286, -0.8972971439361572, -0.871671199798584, -0.8482352495193481, -0.8324215412139893, -0.7740439772605896, -0.7445874810218811, -0.7192969918251038, -0.6998480558395386]}
{"Iteracion": 12, "PuntosX": [3.1760733127593994, 3.156634569168091, 3.159179210662842, 3.188279867172241, 3.2823233604431152, 3.2565503120422363, 3.255337953567505, 3.2709105014801025], "PuntosY": [-0.6173659563064575, -0.5850472450256348, -0.5570483207702637, -0.5335345268249512, -0.49054625630378723, -0.45767825841903687, -0.4285733997821808, -0.4016174077987671]}
{"Iteracion": 13, "PuntosX": [3.207576274871826, 3.171065330505371, 3.1559600830078125, 3.1584503650665283, 3.1963794231414795, 3.300421953201294, 3.2675940990448, 3.252948522567749, 3.255707263946533], "PuntosY": [-0.14004579186439514, -0.11073603481054306, -0.08264163881540298, -0.05513109266757965, -0.02789434790611267, 8.998904377222061e-08, 0.02851593866944313, 0.056780487298965454, 0.08525369316339493]}
{"Iteracion": 14, "PuntosX": [2.7441914081573486, 2.7029056549072266, 2.6837234497070312, 2.683166265487671, 2.685319185256958, 2.823625326156616, 2.7963125705718994, 2.7783126831054688, 2.780712127685547, 2.793175220489502], "PuntosY": [-0.11981413513422012, -0.09438757598400116, -0.07027559727430344, -0.04683498293161392, -0.023434244096279144, 0.0246414877474308, 0.0488099567592144, 0.07275263965129852, 0.09710481762886047, 0.12195291370153427]}
{"Iteracion": 15, "PuntosX": [2.765779495239258, 2.7476515769958496, 2.7302963733673096, 2.732530355453491, 2.749274253845215, 2.8606886863708496, 2.843017339706421, 2.827477216720581, 2.830005407333374, 2.8680098056793213], "PuntosY": [0.36412179470062256, 0.3861571252346039, 0.40804532170295715, 0.4327901303768158, 0.46007052063941956, 0.504416286945343, 0.526921808719635, 0.5496057271957397, 0.5757710337638855, 0.6096142530441284]}
{"Iteracion": 16, "PuntosX": [3.2409732341766357, 3.203423023223877, 3.1832633018493652, 3.1827824115753174, 3.2151525020599365, 3.303372859954834, 3.283071279525757, 3.2794547080993652, 3.3099942207336426], "PuntosY": [0.4843664765357971, 0.5073723196983337, 0.5326954126358032, 0.5612102746963501, 0.595893144607544, 0.6421107649803162, 0.667948305606842, 0.6970697045326233, 0.7338082194328308]}
{"Iteracion": 17, "PuntosX": [2.7912003993988037, 2.7476415634155273, 2.7261669635772705, 2.7095530033111572, 2.7068960666656494, 2.718499183654785, 2.824106216430664, 2.80710768699646, 2.803943634033203, 2.8346610069274902], "PuntosY": [0.7740684747695923, 0.7878736257553101, 0.8075276613235474, 0.8283934593200684, 0.8534809947013855, 0.8832939267158508, 0.9449329376220703, 0.966564416885376, 0.9929285049438477, 1.031732201576233]}
{"Iteracion": 18, "PuntosX": [3.039635419845581, 3.0062777996063232, 2.9878909587860107, 2.979844331741333, 3.1034295558929443, 3.0845372676849365, 3.076925754547119], "PuntosY": [1.2590582370758057, 1.2760894298553467, 1.299172043800354, 1.3267128467559814, 1.414314866065979, 1.4383436441421509, 1.4676183462142944]}
{"Iteracion": 19, "PuntosX": [2.7775661945343018, 2.7417099475860596, 2.721956729888916, 2.7045538425445557, 2.7051587104797363, 2.8075525760650635, 2.801189661026001], "PuntosY": [1.6036285161972046, 1.6149901151657104, 1.6355162858963013, 1.6573525667190552, 1.6903703212738037, 1.7886085510253906, 1.8191134929656982]}
{"Iteracion": 20, "PuntosX": [2.8336997032165527, 2.8220643997192383, 2.8231704235076904, 2.731022596359253, 2.6988778114318848, 2.6886932849884033, 2.700113296508789], "PuntosY": [1.6360373497009277, 1.662322759628296, 1.696332335472107, 1.7398532629013062, 1.7526720762252808, 1.7796074151992798, 1.8212497234344482]}
{"Iteracion": 21,