{"TiempoSleep": 15, "MaxIteraciones": 50}
{"Iteracion": 0, "PuntosX": [1.8756177425384521, 1.8647005558013916, 1.8683459758758545, 1.888206958770752, 1.8865818977355957, 1.900275707244873], "PuntosY": [-0.26360073685646057, -0.2454925924539566, -0.2294040322303772, 7.019843906164169e-08, 0.016463935375213623, 0.033169616013765335]}
{"Iteracion": 1, "PuntosX": [1.8788634538650513, 1.8659451007843018, 1.8690706491470337, 1.8896044492721558, 1.887672781944275, 1.9008160829544067], "PuntosY": [-0.2640569806098938, -0.24565637111663818, -0.22949296236038208, 3.1082890927791595e-08, 0.01647348701953888, 0.0331789031624794]}
{"Iteracion": 2, "PuntosX": [2.3174545764923096, 2.319784641265869, 2.1969196796417236, 2.183159828186035, 2.1880598068237305], "PuntosY": [-0.24357421696186066, -0.22336959838867188, 0.3676382899284363, 0.3849499523639679, 0.4055330455303192]}
{"Iteracion": 3, "PuntosX": [2.2246015071868896, 2.2375738620758057, 1.7182260751724243, 1.717882752418518, 1.7284952402114868], "PuntosY": [-0.8539445996284485, -0.8365945219993591, -0.22620882093906403, -0.21092939376831055, -0.1969371885061264]}
{"Iteracion": 4, "PuntosX": [1.9812147617340088, 1.9729853868484497, 1.983002781867981, 1.9439245462417603, 1.9453011751174927], "PuntosY": [-0.7804209589958191, -0.7573580741882324, -0.7414142489433289, -0.22148209810256958, -0.2044595330953598]}
{"Iteracion": 5, "PuntosX": [1.9733970165252686, 1.9723591804504395, 1.9861743450164795, 2.1058342456817627, 2.09450364112854, 2.101428747177124], "PuntosY": [-0.6222097873687744, -0.6030105948448181, -0.5883316397666931, -0.3335312008857727, -0.313025563955307, -0.2953364849090576]}
{"Iteracion": 6, "PuntosX": [2.4553425312042236, 2.4548723697662354, 2.328545570373535, 2.3207247257232666, 2.33424711227417], "PuntosY": [-1.017035722732544, -0.9918328523635864, -0.3272556960582733, -0.30552926659584045, -0.28660956025123596]}
{"Iteracion": 7, "PuntosX": [2.123281240463257, 2.1206934452056885, 2.1356794834136963, 2.3329992294311523, 2.3176558017730713, 2.3249669075012207], "PuntosY": [-0.4707203209400177, -0.45076751708984375, -0.4345088601112366, -0.08147015422582626, -0.06069000065326691, -0.04058251902461052]}
