{"TiempoSleep": 5, "MaxIteraciones": 3}
{"Iteracion": 0, "PuntosX": [1.7226812839508057, 1.7050832509994507, 1.6980372667312622, 1.6920315027236938, 1.7018013000488281, 1.7116796970367432, 1.7467970848083496, 1.7442351579666138, 1.7221057415008545, 1.7154204845428467, 1.7087825536727905, 1.7131671905517578, 1.72398042678833, 1.7647463083267212], "PuntosY": [-0.12046142667531967, -0.10428724437952042, -0.08899032324552536, -0.07387573271989822, -0.05942820757627487, -0.044821906834840775, -0.030490359291434288, 0.04567449539899826, 0.0601373165845871, 0.07489698380231857, 0.08955352008342743, 0.10478202253580093, 0.12055245786905289, 0.13888859748840332]}
{"Iteracion": 1, "PuntosX": [1.7234491109848022, 1.7055803537368774, 1.698531150817871, 1.6924201250076294, 1.7021925449371338, 1.7120720148086548, 1.7469009160995483, 1.7448221445083618, 1.7225738763809204, 1.7158865928649902, 1.709246277809143, 1.7135777473449707, 1.7243921756744385, 1.764894962310791], "PuntosY": [-0.12051505595445633, -0.10431778430938721, -0.08901625126600266, -0.07389270514249802, -0.05944177135825157, -0.04483217000961304, -0.030492261052131653, 0.04568982869386673, 0.06015372648835182, 0.07491733878850937, 0.08957783132791519, 0.10480708628892899, 0.12058128416538239, 0.13890023529529572]}
