{"TiempoSleep": 15, "MaxIteraciones": 5}
{"Iteracion": 0, "PuntosX": [2.1360387802124023, 2.136136054992676, 2.158036231994629, 2.0033161640167236, 1.9949779510498047, 2.0015621185302734], "PuntosY": [-0.4540289640426636, -0.43460148572921753, -0.41947972774505615, 0.3532387614250183, 0.36974725127220154, 0.3890644311904907]}
{"Iteracion": 1, "PuntosX": [2.1393239498138428, 2.139268636703491, 2.159637451171875, 1.9805519580841064, 1.9685331583023071, 1.9710158109664917], "PuntosY": [-0.5532666444778442, -0.5333796739578247, -0.5184831619262695, 0.47548848390579224, 0.4908105432987213, 0.5097392797470093]}
{"Iteracion": 2, "PuntosX": [2.438469886779785, 2.442060947418213, 1.9682449102401733, 1.9544823169708252, 1.9568883180618286], "PuntosY": [-0.5183127522468567, -0.49684274196624756, -3.4924596548080444e-09, 0.017056375741958618, 0.03415755182504654]}
{"Iteracion": 3, "PuntosX": [1.9434033632278442, 1.9421502351760864, 1.955237865447998, 2.138312816619873, 2.1339030265808105, 2.147214889526367], "PuntosY": [-0.6314499974250793, -0.6123573780059814, -0.5977761149406433, -0.187078058719635, -0.16794179379940033, -0.15014781057834625]}
{"Iteracion": 4, "PuntosX": [2.0238144397735596, 2.030822277069092, 1.9165446758270264, 1.908873438835144], "PuntosY": [-0.9437201619148254, -0.9254990220069885, 0.9555538296699524, 0.9726197719573975]}
{"Iteraciones totales": 5}
