{"TiempoSleep": 15, "MaxIteraciones": 100}
{"Iteracion": 0, "PuntosX": [3.3098363876342773, 3.3125193119049072, 3.2153666019439697, 3.199671506881714], "PuntosY": [-0.23144608736038208, -0.20260250568389893, 0.22484014928340912, 0.2518196403980255]}
{"Iteracion": 1, "PuntosX": [3.3112752437591553, 3.312976121902466, 3.2179203033447266, 3.200538396835327], "PuntosY": [-0.23154659569263458, -0.20263029634952545, 0.2250186800956726, 0.25188779830932617]}
{"Iteracion": 2, "PuntosX": [2.8656575679779053, 2.8500707149505615, 2.8653135299682617, 2.8590731620788574], "PuntosY": [0.15018275380134583, 0.1743181347846985, 1.0998908281326294, 1.1262187957763672]}
{"Iteracion": 3, "PuntosX": [2.659924030303955, 2.671869993209839, 2.700953960418701, 2.700643539428711], "PuntosY": [-0.25612136721611023, -0.23375838994979858, 0.4277889132499695, 0.45193275809288025]}
{"Iteracion": 4, "PuntosX": [3.1614370346069336, 3.153290271759033, 3.2705585956573486], "PuntosY": [0.13803167641162872, 0.165257066488266, 0.5766875743865967]}
{"Iteracion": 5, "PuntosX": [3.044684410095215, 3.072850227355957, 3.099010705947876, 3.0831429958343506], "PuntosY": [-0.5918266177177429, -0.5695186853408813, 1.1279475688934326, 1.1527401208877563]}
{"Iteracion": 6, "PuntosX": [3.1455585956573486, 3.1356899738311768, 3.3340866565704346, 3.334705352783203], "PuntosY": [-0.13733799755573273, -0.10950059443712234, 1.415235996246338, 1.4499711990356445]}
{"Iteracion": 7, "PuntosX": [2.9453651905059814, 2.927351713180542, 2.836519718170166, 2.8265774250030518], "PuntosY": [0.20595984160900116, 0.23038755357265472, 1.4765987396240234, 1.502918004989624]}
{"Iteracion": 8, "PuntosX": [2.839155912399292, 2.8527462482452393, 2.800867795944214], "PuntosY": [-0.2483939379453659, -0.22451601922512054, 1.682931900024414]}
{"Iteracion": 9, "PuntosX": [3.010477304458618, 3.0167908668518066, 3.2103281021118164, 3.199172258377075], "PuntosY": [9.73232090473175e-08, 0.026326915249228477, 1.6357439756393433, 1.6653838157653809]}
{"Iteracion": 10, "PuntosX": [3.158595323562622, 3.1574673652648926, 3.3840091228485107, 3.364853620529175], "PuntosY": [0.24858687818050385, 0.27624258399009705, 0.938468873500824, 0.9648566246032715]}
{"Iteracion": 11, "PuntosX": [3.4328017234802246, 3.441622495651245, 3.127347230911255, 3.1380112171173096], "PuntosY": [0.20995968580245972, 0.24066156148910522, 0.5233383178710938, 0.5533159375190735]}
{"Iteracion": 12, "PuntosX": [3.344933271408081, 3.3446760177612305, 2.87147855758667], "PuntosY": [-0.14604303240776062, -0.11679892987012863, 0.7694104909896851]}
{"Iteracion": 13, "PuntosX": [3.1565041542053223, 2.725752353668213, 2.7211272716522217], "PuntosY": [-0.7578096389770508, 0.8074046969413757, 0.8319320678710938]}
{"Iteracion": 14, "PuntosX": [2.780756711959839, 2.7947731018066406, 2.749082326889038, 2.7391281127929688], "PuntosY": [-0.6933204531669617, -0.6709654331207275, 1.0552740097045898, 1.078971028327942]}
{"Iteracion": 15, "PuntosX": [3.009852886199951, 2.994279623031616, 3.0515480041503906, 3.0487277507781982], "PuntosY": [-0.21046939492225647, -0.1831381469964981, 0.8176597356796265, 0.8454867005348206]}
{"Iteracion": 16, "PuntosX": [3.4279911518096924, 3.4199788570404053, 3.1981937885284424, 3.1916451454162598], "PuntosY": [-0.11970844864845276, -0.08955536782741547, 1.0701009035110474, 1.0989712476730347]}
{"Iteracion": 17, "PuntosX": [3.515418529510498, 2.9242327213287354, 2.9228763580322266], "PuntosY": [0.030678488314151764, 0.8940276503562927, 0.9215791821479797]}
{"Iteracion": 18, "PuntosX": [3.0783019065856934, 2.705813407897949, 2.68650221824646], "PuntosY": [0.515130877494812, 1.2047061920166016, 1.2243099212646484]}
{"Iteracion": 19, "PuntosX": [3.2725632190704346, 3.273768901824951, 2.927424430847168, 2.9263432025909424], "PuntosY": [0.05712280049920082, 0.08572667092084885, 0.7028122544288635, 0.7296194434165955]}
{"Iteracion": 20, "PuntosX": [2.8913211822509766, 2.884770631790161, 3.330475330352783, 3.3282434940338135], "PuntosY": [-0.4579400420188904, -0.43113166093826294, 1.6605134010314941, 1.695825219154358]}
{"Iteracion": 21, "PuntosX": [3.492357015609741, 3.4846110343933105, 3.0436649322509766, 3.020331382751465], "PuntosY": [-0.3670618236064911, -0.3355296552181244, 1.7220227718353271, 1.7437890768051147]}
{"Iteracion": 22, "PuntosX": [3.2762198448181152, 3.2741177082061768, 3.493107557296753], "PuntosY": [0.05718664079904556, 0.08573593944311142, 1.0016326904296875]}
{"Iteracion": 23, "PuntosX": [2.95991587638855, 2.9455978870391846, 3.0618700981140137, 3.036457061767578], "PuntosY": [0.8487424254417419, 0.8725259900093079, 1.2682678699493408, 1.2888994216918945]}
{"Iteracion": 24, "PuntosX": [2.9918808937072754, 3.0089895725250244, 2.790255546569824], "PuntosY": [0.2617558240890503, 0.28973251581192017, 1.1557618379592896]}
{"Iteracion": 25, "PuntosX": [3.3712973594665527, 3.3909828662872314, 2.7119364738464355, 2.7152135372161865], "PuntosY": [0.14719434082508087, 0.17771391570568085, 0.40530166029930115, 0.43004751205444336]}
{"Iteracion": 26, "PuntosX": [3.1261000633239746, 3.117471218109131, 2.918478488922119], "PuntosY": [-0.5231298208236694, -0.4937587082386017, 1.062239170074463]}
{"Iteracion": 27, "PuntosX": [2.8046138286590576, 2.802522659301758, 3.4972500801086426], "PuntosY": [0.0244755856692791, 0.04891807585954666, 1.002820372581482]}
{"Iteracion": 28, "PuntosX": [3.4267213344573975, 3.4513132572174072, 3.429929733276367], "PuntosY": [0.029904291033744812, 1.4649958610534668, 1.4913759231567383]}
{"Iteracion": 29, "PuntosX": [3.2462494373321533, 3.0258660316467285, 3.0344364643096924], "PuntosY": [0.22699972987174988, 0.8676533699035645, 0.898841381072998]}
{"Iteracion": 30, "PuntosX": [3.240259885787964, 3.243180990219116, 2.746276617050171, 2.746137857437134], "PuntosY": [0.5422335863113403, 0.5718600749969482, 1.0817867517471313, 1.1095120906829834]}
{"Iteracion": 31, "PuntosX": [3.023430585861206, 3.0040056705474854, 3.225640058517456, 3.2167928218841553], "PuntosY": [9.313225746154785e-09, 0.026215318590402603, 1.142259120941162, 1.1708165407180786]}
{"Iteracion": 32, "PuntosX": [2.81272029876709, 2.7968027591705322, 3.2811946868896484], "PuntosY": [0.24608120322227478, 0.2693013846874237, 1.5300467014312744]}
{"Iteracion": 33, "PuntosX": [2.7535626888275146, 2.7622528076171875, 2.8484416007995605, 2.839597225189209], "PuntosY": [-0.6865402460098267, -0.663158118724823, 2.031773805618286, 2.0630881786346436]}
{"Iteracion": 34, "PuntosX": [3.202324151992798, 3.2158806324005127, 2.8910858631134033, 2.885730504989624], "PuntosY": [-0.6224685907363892, -0.5960277318954468, 1.41007661819458, 1.4387720823287964]}
{"Iteracion": 35, "PuntosX": [3.1351418495178223, 3.1418373584747314, 3.105985164642334, 3.1026058197021484], "PuntosY": [-0.027359850704669952, -4.0512531995773315e-08, 0.9200351238250732, 0.94856196641922]}
{"Iteracion": 36, "PuntosX": [3.0943164825439453, 3.0894007682800293, 3.019824266433716], "PuntosY": [0.5456111431121826, 0.572586178779602, 1.2200883626937866]}
{"Iteracion": 37, "PuntosX": [2.7500977516174316, 2.7479538917541504, 2.7858386039733887, 2.779425621032715], "PuntosY": [0.3133341073989868, 0.33740657567977905, 0.9051740765571594, 0.9299831390380859]}
{"Iteracion": 38, "PuntosX": [3.120912551879883, 3.131666898727417, 2.6880311965942383, 2.6782617568969727], "PuntosY": [0.3832000494003296, 0.4122920632362366, 0.9255633354187012, 0.9484223127365112]}
{"Iteracion": 39, "PuntosX": [3.3561794757843018, 3.331233501434326, 2.7049989700317383, 2.688832998275757], "PuntosY": [0.774834930896759, 0.7997583150863647, 1.3486626148223877, 1.370029091835022]}
{"Iteracion": 40, "PuntosX": [2.9507293701171875, 2.9647061824798584, 3.412663221359253, 3.39980149269104], "PuntosY": [0.25815549492836, 0.28546851873397827, 1.0760084390640259, 1.104662537574768]}
{"Iteracion": 41, "PuntosX": [3.21120548248291, 3.2019553184509277, 3.4791901111602783],