{"TiempoSleep": 10, "MaxIteraciones": 50}
{"Iteracion": 0, "PuntosX": [2.7586793899536133, 2.741528034210205, 2.7359983921051025, 2.752126693725586, 2.7733240127563477, 2.757145881652832, 2.75032377243042, 2.767514228820801], "PuntosY": [-0.09633506834506989, -0.07178939878940582, -0.04775705933570862, -0.024017352610826492, 0.07262217998504639, 0.09628178924322128, 0.12008204311132431, 0.14503929018974304]}
{"Iteracion": 1, "PuntosX": [2.760476589202881, 2.7423341274261475, 2.736326217651367, 2.7524526119232178, 2.7748327255249023, 2.7579057216644287, 2.750631332397461, 2.767817735671997], "PuntosY": [-0.09639810770750046, -0.07181049883365631, -0.0477631539106369, -0.024020228534936905, 0.0726616308093071, 0.09630826115608215, 0.12009517103433609, 0.1450551450252533]}
{"Iteracion": 2, "PuntosX": [2.8085639476776123, 2.7912511825561523, 2.790621519088745, 2.8060801029205322, 2.8168246746063232, 2.8051929473876953, 2.8072943687438965, 2.8234715461730957], "PuntosY": [-0.44483259320259094, -0.4171549677848816, -0.3921961784362793, -0.3694273829460144, -0.27122923731803894, -0.24542270600795746, -0.220938578248024, -0.19743622839450836]}
{"Iteracion": 3, "PuntosX": [2.8002002239227295, 2.772796392440796, 2.7684924602508545, 2.782752752304077, 2.8442137241363525, 2.8297958374023438, 2.8256778717041016, 2.850149393081665], "PuntosY": [-0.44350823760032654, -0.41439706087112427, -0.3890860974788666, -0.36635634303092957, -0.2738662362098694, -0.24757494032382965, -0.2223854959011078, -0.19930168986320496]}
{"Iteracion": 4, "PuntosX": [2.9321939945220947, 2.893744707107544, 2.8728182315826416, 2.8685333728790283, 2.888010025024414, 2.9659292697906494, 2.938472270965576, 2.9289486408233643, 2.9276351928710938], "PuntosY": [0.51702481508255, 0.5363238453865051, 0.5584193468093872, 0.5836096405982971, 0.6138657331466675, 0.68473881483078, 0.7054648995399475, 0.7302690148353577, 0.7571377754211426]}
{"Iteracion": 5, "PuntosX": [3.1055550575256348, 3.097062110900879, 3.1077332496643066, 3.151906728744507, 3.160663604736328, 3.155168294906616, 3.166782855987549, 3.230841636657715], "PuntosY": [-0.9494636058807373, -0.9173915982246399, -0.8911281824111938, -0.8741010427474976, -0.7880421280860901, -0.757489025592804, -0.7311092615127563, -0.7162607312202454]}
{"Iteracion": 6, "PuntosX": [3.0940499305725098, 3.0732059478759766, 3.0782394409179688, 3.103177070617676, 3.21465802192688, 3.189100742340088, 3.1851985454559326, 3.194542169570923], "PuntosY": [-0.9459458589553833, -0.9103254079818726, -0.8826708793640137, -0.8605872392654419, -0.8313670754432678, -0.7951319813728333, -0.7646986842155457, -0.7375180125236511]}
{"Iteracion": 7, "PuntosX": [3.265763282775879, 3.236982822418213, 3.2230305671691895, 3.2281320095062256, 3.410963773727417, 3.3559534549713135, 3.3371448516845703, 3.3345787525177, 3.3521783351898193], "PuntosY": [-0.11404310166835785, -0.08476325869560242, -0.05625830963253975, -0.02817137911915779, 3.725290298461914e-08, 0.029286811128258705, 0.05825015902519226, 0.08731911331415176, 0.11706072837114334]}
{"Iteracion": 8, "PuntosX": [3.229381561279297, 3.211395502090454, 3.2021498680114746, 3.202939987182617, 3.216663122177124, 3.3670616149902344, 3.3978323936462402], "PuntosY": [-0.0845644474029541, -0.056055501103401184, -0.027944497764110565, -9.681389201432467e-08, 0.02807120606303215, 0.05877230316400528, 0.08897548168897629]}
{"Iteracion": 9, "PuntosX": [3.128664970397949, 3.1128342151641846, 3.1007776260375977, 3.1015851497650146, 3.1132967472076416], "PuntosY": [0.6650183796882629, 0.6900989413261414, 0.7158707976341248, 0.744624674320221, 0.776232123374939]}
{"Iteracion": 10, "PuntosX": [3.202242136001587, 3.19242000579834, 3.199166774749756, 3.0658493041992188, 3.0507586002349854, 3.0479044914245605, 3.0542678833007812, 3.0789225101470947], "PuntosY": [0.3083406090736389, 0.3355369567871094, 0.3644990622997284, 0.3764392137527466, 0.40164023637771606, 0.4283551573753357, 0.45646345615386963, 0.4876534938812256]}
{"Iteracion": 11, "PuntosX": [3.1703996658325195, 3.127622604370117, 3.1156044006347656, 3.1231541633605957, 3.150454044342041, 2.988422155380249, 2.973963499069214, 2.972625732421875, 2.979909658432007], "PuntosY": [0.9391152858734131, 0.9562104344367981, 0.9823462963104248, 1.0147743225097656, 1.0541274547576904, 1.028996229171753, 1.053135633468628, 1.0819473266601562, 1.1141425371170044]}
{"Iteracion": 12, "PuntosX": [3.170984983444214, 3.1281988620758057, 3.1161861419677734, 3.123735189437866, 3.1510610580444336, 2.9889795780181885, 2.9745171070098877, 2.973201036453247, 2.980482816696167], "PuntosY": [0.9392884969711304, 0.9563863277435303, 0.9825295209884644, 1.0149630308151245, 1.0543304681777954, 1.0291879177093506, 1.053331732749939, 1.0821564197540283, 1.1143567562103271]}
{"Iteracion": 13, "PuntosX": [2.655543804168701, 2.644414186477661, 2.6497642993927, 2.517503261566162, 2.5043387413024902, 2.4993906021118164, 2.504340648651123, 2.509312868118286, 2.5332515239715576], "PuntosY": [-0.09273366630077362, -0.06924650818109512, -0.0462520532310009, -0.021970003843307495, -3.3129254006780684e-08, 0.021811814978718758, 0.04371345788240433, 0.06570862978696823, 0.08846300840377808]}
{"Iteracion": 14, "PuntosX": [2.603710651397705, 2.587538480758667, 2.5890660285949707, 2.5990824699401855, 2.6456921100616455, 2.6096878051757812, 2.5805084705352783, 2.569051504135132, 2.5794565677642822, 2.6094040870666504], "PuntosY": [-0.11368055641651154, -0.09035897254943848, -0.06779703497886658, -0.045367345213890076, -0.023088568821549416, 0.04555242508649826, 0.06757300347089767, 0.08971329778432846, 0.1126217320561409, 0.1367531418800354]}
{"Iteracion": 15, "PuntosX": [2.754756212234497, 2.7360622882843018, 2.742765188217163, 2.7559828758239746, 2.8032572269439697, 2.7380611896514893, 2.7207937240600586, 2.728403091430664, 2.7446160316467285], "PuntosY": [-0.38715553283691406, -0.3602096140384674, -0.33676934242248535, -0.3140046298503876, -0.2946343421936035, -0.21549011766910553, -0.19025632739067078, -0.16687625646591187, -0.14383921027183533]}
{"Iteracion": 16, "PuntosX": [3.345637083053589, 3.316833972930908, 3.3122899532318115, 3.3570313453674316, 3.313633680343628, 3.295747756958008, 3.30334734916687], "PuntosY": [0.6806772351264954, 0.7050149440765381, 0.7343170046806335, 0.7750316858291626, 0.8569637537002563, 0.883092999458313, 0.9160990118980408]}
{"Iteracion": 17, "PuntosX": [3.3528733253479004, 3.336358070373535, 3.3491201400756836, 3.3989241123199463, 3.333078145980835, 3.324157476425171, 3.337366819381714], "PuntosY": [-0.20507054030895233, -0.17485104501247406, -0.1462259292602539, -0.11869298666715622, -0.02908724546432495, -4.5838532969355583e-10, 0.029124753549695015]}
{"Iteracion": 18, "PuntosX": [3.40914249420166, 3.4165847301483154, 3.4483327865600586, 3.418414831161499, 3.408841133117676, 3.4246318340301514], "PuntosY": [-0.7557889223098755, -0.7262174487113953, -0.7015709280967712, -0.6027587652206421, -0.5704441666603088, -0.5424084067344666]}
{"Iteracion": 19, "PuntosX": [3.3652260303497314, 3.3373727798461914, 3.3299612998962402, 3.3396191596984863, 3.49751353263855, 3.4813036918640137, 3.4759719371795654, 3.4925785064697266], "PuntosY": [-0.746053159236908, -0.7093806862831116, -0.6774882674217224, -0.6491563320159912, -0.648225724697113, -0.6138479113578796, -0.5816779136657715, -0.5531702041625977]}
{"Iteracion": 20, "PuntosX": [3.0681028366088867, 3.038910388946533, 3.0316250324249268, 3.040493965148926, 3.067946672439575, 3.1880242824554443, 3.1803781986236572, 3.1826696395874023, 3.1976969242095947], "PuntosY": [-0.9968869686126709, -0.9581647515296936, -0.9268608093261719, -0.9006354212760925, -0.8797194957733154, -0.8841173052787781, -0.8521799445152283, -0.8230942487716675, -0.7972753643989563]}
{"Iteracion": 21,