{"TiempoSleep": 5, "MaxIteraciones": 50}
{"Iteracion": 0, "PuntosX": [2.7139360904693604, 2.7034192085266113, 2.5785975456237793, 2.5845324993133545], "PuntosY": [-0.04737226665019989, -0.023592356592416763, 0.06752307713031769, 0.09025387465953827]}
{"Iteracion": 1, "PuntosX": [2.7094035148620605, 2.7053489685058594, 2.584336042404175, 2.579732656478882], "PuntosY": [0.33267301321029663, 0.35616618394851685, 0.4324693977832794, 0.4548763036727905]}
{"Iteracion": 2, "PuntosX": [2.755117654800415, 2.73152232170105, 2.61321759223938, 2.6081783771514893], "PuntosY": [1.6228886842727661, 1.6412639617919922, 1.7296510934829712, 1.7592387199401855]}
{"Iteracion": 3, "PuntosX": [3.057684898376465, 2.9319159984588623], "PuntosY": [1.1129062175750732, 1.2144393920898438]}
{"Iteracion": 4, "PuntosX": [2.6946449279785156, 2.680677890777588, 2.579552173614502, 2.556285858154297, 2.5638766288757324], "PuntosY": [0.4509289562702179, 0.4726758599281311, 0.5483009815216064, 0.5667151808738708, 0.5919176340103149]}
{"Iteracion": 5, "PuntosX": [3.2074921131134033, 3.224684000015259, 3.087606906890869, 3.0827412605285645], "PuntosY": [0.5655674338340759, 0.5976598262786865, 0.6562913656234741, 0.6834275126457214]}
{"Iteracion": 6, "PuntosX": [2.683676242828369, 2.6852898597717285, 2.5584890842437744, 2.5590717792510986], "PuntosY": [-0.21121001243591309, -0.18777360022068024, -0.11170616000890732, -0.08936499059200287]}
{"Iteracion": 7, "PuntosX": [3.0832693576812744, 3.094215154647827, 2.957522392272949, 2.981224536895752], "PuntosY": [-0.6553690433502197, -0.629524827003479, -0.5481442809104919, -0.5256699323654175]}
{"Iteracion": 8, "PuntosX": [2.734647035598755, 2.752580404281616, 2.608999013900757, 2.623326063156128], "PuntosY": [-1.0224428176879883, -1.0018572807312012, -0.9238948822021484, -0.9032835364341736]}
{"Iteracion": 9, "PuntosX": [3.0366764068603516, 3.045753240585327, 2.912048101425171], "PuntosY": [-1.3838931322097778, -1.3560571670532227, -1.2661947011947632]}
{"Iteracion": 10, "PuntosX": [2.5879623889923096, 2.5942158699035645], "PuntosY": [-1.812110424041748, -1.7829549312591553]}
{"Iteracion": 11, "PuntosX": [2.8135855197906494, 2.830556869506836, 2.6986424922943115, 2.687823534011841], "PuntosY": [0.3205675482749939, 0.3475489914417267, 0.4033147096633911, 0.42570942640304565]}
{"Iteracion": 12, "PuntosX": [2.6605887413024902, 2.654741048812866], "PuntosY": [0.30313560366630554, 0.3259613513946533]}
{"Iteracion": 13, "PuntosX": [2.6612589359283447, 2.656170129776001], "PuntosY": [-0.046452488750219345, -0.023179929703474045]}
{"Iteracion": 14, "PuntosX": [2.9963529109954834, 2.997987985610962, 2.8375301361083984, 2.833674669265747], "PuntosY": [1.2106051445007324, 1.2418073415756226, 1.2044603824615479, 1.2321168184280396]}
{"Iteracion": 15, "PuntosX": [3.075737476348877, 3.057842969894409], "PuntosY": [-0.026841342449188232, 1.0069925338029861e-07]}
{"Iteracion": 16, "PuntosX": [2.6352076530456543, 2.6429758071899414, 2.7962419986724854, 2.8024895191192627], "PuntosY": [-0.8562307357788086, -0.8333268165588379, -0.8548969030380249, -0.83013516664505]}
{"Iteracion": 17, "PuntosX": [2.6193809509277344, 2.617187023162842, 2.776952028274536], "PuntosY": [-1.5429331064224243, -1.5110336542129517, -1.50776207447052]}
{"Iteracion": 18, "PuntosX": [2.5651695728302, 2.5819482803344727, 2.732454299926758], "PuntosY": [-1.898125410079956, -1.8758950233459473, -1.877963662147522]}
{"Iteracion": 19, "PuntosX": [2.7308313846588135, 2.7210326194763184, 2.5831005573272705, 2.561509609222412], "PuntosY": [1.15916907787323, 1.1831386089324951, 1.1500704288482666, 1.1673470735549927]}
{"Iteracion": 20, "PuntosX": [2.7770986557006836, 2.7771761417388916, 2.6176705360412598, 2.61301589012146], "PuntosY": [1.8381216526031494, 1.873228907585144, 1.8329122066497803, 1.8638460636138916]}
{"Iteracion": 21, "PuntosX": [3.1989030838012695, 3.041545867919922, 3.044565439224243], "PuntosY": [0.8272925615310669, 0.8149799704551697, 0.8443326354026794]}
{"Iteracion": 22, "PuntosX": [2.61159348487854, 2.5908563137054443, 2.601248264312744], "PuntosY": [0.22848492860794067, 0.24947094917297363, 0.2734023928642273]}
{"Iteracion": 23, "PuntosX": [3.0708119869232178, 3.078001022338867, 3.2329418659210205], "PuntosY": [-0.6527212262153625, -0.6262263059616089, -0.6284199357032776]}
{"Iteracion": 24, "PuntosX": [2.6518750190734863, 2.6489970684051514, 2.813603401184082, 2.8091018199920654], "PuntosY": [-0.8361330628395081, -0.809879720211029, -0.8334275484085083, -0.8054968118667603]}
{"Iteracion": 25, "PuntosX": [2.8153955936431885, 2.810288667678833, 2.6792871952056885, 2.676851749420166], "PuntosY": [-0.8339582681655884, -0.8058371543884277, -0.743031919002533, -0.7172603011131287]}
{"Iteracion": 26, "PuntosX": [2.732515335083008, 2.7378835678100586, 2.6190133094787598, 2.597989797592163, 2.6093194484710693], "PuntosY": [-0.047696251422166824, -0.023892901837825775, 0.02285579778254032, 0.045348186045885086, 0.06832752376794815]}
{"Iteracion": 27, "PuntosX": [3.3146073818206787, 3.3104515075683594, 3.1849992275238037, 3.1749231815338135], "PuntosY": [-0.02892601303756237, -1.3387762010097504e-08, 0.05559432879090309, 0.0831383615732193]}
{"Iteracion": 28, "PuntosX": [3.2191083431243896, 3.206444263458252, 3.085014581680298, 3.072617530822754], "PuntosY": [0.567615807056427, 0.5942791104316711, 0.6557403802871704, 0.6811830997467041]}
{"Iteracion": 29, "PuntosX": [2.784832239151001, 2.783921718597412, 2.651057243347168, 2.6499240398406982], "PuntosY": [0.8249049186706543, 0.8511305451393127, 0.9128322601318359, 0.9383875727653503]}
{"Iteracion": 30, "PuntosX": [2.8299660682678223, 2.698012351989746], "PuntosY": [1.5047193765640259, 1.5892504453659058]}
{"Iteracion": 31, "PuntosX": [2.7418031692504883, 2.7538864612579346, 2.6081438064575195, 2.6184897422790527], "PuntosY": [-0.7861992120742798, -0.7637203335762024, -0.6988499164581299, -0.6771873235702515]}
{"Iteracion": 32, "PuntosX": [3.099780559539795, 3.102036952972412, 2.9646778106689453], "PuntosY": [-1.2210357189178467, -1.190760850906372, -1.1084480285644531]}
{"Iteracion": 33, "PuntosX": [2.616938352584839, 2.6366586685180664], "PuntosY": [-1.6671732664108276, -1.647566556930542]}
{"Iteracion": 34, "PuntosX": [2.9999852180480957, 2.992081880569458, 2.8581602573394775, 2.8669517040252686], "PuntosY": [-0.026180533692240715, -5.326000973582268e-08, 0.07484346628189087, 0.1001162901520729]}
{"Iteracion": 35, "PuntosX": [3.0010297298431396, 2.993685483932495, 2.9690632820129395, 2.9607489109039307], "PuntosY": [-0.026189539581537247, -5.052424967288971e-08, 0.12963218986988068, 0.15516620874404907]}
{"Iteracion": 36, "PuntosX": [3.002204656600952, 2.99514102935791, 2.970325231552124, 2.962308168411255], "PuntosY": [-0.026199890300631523, -6.472691893577576e-08, 0.12968739867210388, 0.15524806082248688]}
{"Iteracion": 37, "PuntosX": [3.003817081451416, 2.99637508392334, 3.002519130706787, 2.9907615184783936], "PuntosY": [-0.02621389925479889, 1.1059455573558807e-09, 0.13109293580055237, 0.15673938393592834]}
{"Iteracion": 38, "PuntosX": [2.7209835052490234, 2.7198727130889893, 2.7222325801849365, 2.71232533454895], "PuntosY": [0.6532502770423889, 0.6781404614448547, 0.8063623309135437, 0.8292410969734192]}
{"Iteracion": 39, "PuntosX": [2.650651454925537, 2.6514577865600586, 2.6446824073791504, 2.6476712226867676], "PuntosY": [-0.09256285429000854, -0.06943093985319138, 0.06925352662801743, 0.09245885908603668]}
{"Iteracion": 40, "PuntosX": [3.137101650238037, 3.1315863132476807, 3.1243913173675537, 3.13480281829834], "PuntosY": [-0.6954787969589233, -0.665639340877533, -0.5228440165519714, -0.49650371074676514]}
{"Iteracion": 41, "PuntosX": [2.6630032062530518, 2.682915449142456, 2.6573383808135986, 2.673612117767334], "PuntosY": [-1.6000937223434448, -1.5803580284118652, -1.442816972732544, -1.4215844869613647]}
{"Iteracion": 42, "PuntosX": [2.7048377990722656, 2.6898152828216553, 2.687079668045044],