{"TiempoSleep": 15, "MaxIteraciones": 5}
{"Iteracion": 0, "PuntosX": [2.116971731185913, 2.096956729888916, 2.0855190753936768, 2.07926869392395, 2.0768706798553467, 2.077831745147705, 2.0821611881256104, 2.09035587310791, 2.1036720275878906, 2.1278820037841797, 2.055102586746216, 2.017653465270996, 1.999251127243042, 1.9872329235076904, 1.9794589281082153, 1.9750134944915771, 1.9735625982284546, 1.9751826524734497, 1.980414867401123, 1.9906516075134277, 2.0094809532165527], "PuntosY": [-0.14803296327590942, -0.12825536727905273, -0.1092974990606308, -0.09078281372785568, -0.07252578437328339, -0.054409801959991455, -0.03634437918663025, -0.018242187798023224, 1.3504177331924438e-07, 0.018569760024547577, 0.12569555640220642, 0.14108799397945404, 0.15734459459781647, 0.17386040091514587, 0.19060009717941284, 0.20758244395256042, 0.2248590737581253, 0.24252201616764069, 0.26072683930397034, 0.2797679007053375, 0.3003190755844116]}
{"Iteracion": 1, "PuntosX": [2.1185555458068848, 2.0982842445373535, 2.0866801738739014, 2.080305814743042, 2.077805995941162, 2.0786736011505127, 2.0829102993011475, 2.0910027027130127, 2.104196310043335, 2.1279587745666504, 2.0570363998413086, 2.018902063369751, 2.0003557205200195, 1.988236665725708, 1.9803833961486816, 1.9758692979812622, 1.974353551864624, 1.9759068489074707, 1.9810619354248047, 1.9911988973617554, 2.0098750591278076], "PuntosY": [-0.14814360439777374, -0.12833650410175323, -0.10935833305120468, -0.09082817286252975, -0.07255849987268448, -0.05443195626139641, -0.03635746240615845, -0.01824766770005226, 1.7229467630386353e-08, 0.018570514395833015, 0.12581397593021393, 0.14117535948753357, 0.15743142366409302, 0.17394831776618958, 0.19068926572799683, 0.20767243206501007, 0.2249491661787033, 0.2426110953092575, 0.26081183552742004, 0.2798447906970978, 0.3003779947757721]}
{"Iteracion": 2, "PuntosX": [2.109926462173462, 2.08099627494812, 2.0677175521850586, 2.061175584793091, 2.059037208557129, 2.0604612827301025, 2.0651779174804688, 2.073396682739258, 2.085883140563965, 2.1053740978240967, 2.1433472633361816, 2.1809585094451904, 2.1560027599334717, 2.140346050262451, 2.1303048133850098, 2.1242544651031494, 2.1218225955963135, 2.1229631900787354, 2.1282174587249756, 2.1402227878570557, 2.1647071838378906], "PuntosY": [-0.4292692542076111, -0.4045046865940094, -0.38322851061820984, -0.36344069242477417, -0.3445647060871124, -0.32634496688842773, -0.30864277482032776, -0.2913969159126282, -0.27461186051368713, -0.25850754976272583, -0.244203582406044, 0.2871287167072296, 0.3030063807964325, 0.31987687945365906, 0.3374069333076477, 0.3554781675338745, 0.37413445115089417, 0.3934679329395294, 0.41368356347084045, 0.43543335795402527, 0.4601227939128876]}
{"Iteracion": 3, "PuntosX": [1.9758071899414062, 1.9540818929672241, 1.9420937299728394, 1.9354815483093262, 1.9325824975967407, 1.9327104091644287, 1.935672402381897, 1.9416484832763672, 1.9512935876846313, 1.9661791324615479, 1.9903091192245483, 1.9902065992355347, 1.9640090465545654, 1.9476990699768066, 1.9365183115005493, 1.9289860725402832, 1.924473524093628, 1.9228061437606812, 1.9241949319839478, 1.9293702840805054, 1.9401565790176392, 1.9615845680236816], "PuntosY": [-0.2776815593242645, -0.2572598457336426, -0.2384592443704605, -0.22052006423473358, -0.20312254130840302, -0.1860986351966858, -0.16934947669506073, -0.15281105041503906, -0.13644760847091675, -0.1202566847205162, -0.10430751740932465, 0.2797051966190338, 0.2935231924057007, 0.3084852397441864, 0.3240619897842407, 0.3401322364807129, 0.3566799461841583, 0.3737557530403137, 0.39148184657096863, 0.4101002514362335, 0.4301225244998932, 0.4528674781322479]}
{"Iteracion": 4, "PuntosX": [1.7751924991607666, 1.7544478178024292, 1.7448652982711792, 1.7399266958236694, 1.7381656169891357, 1.739484429359436, 1.7432284355163574, 1.749260425567627, 1.75786554813385, 1.7697559595108032, 1.7865772247314453, 1.8126921653747559, 2.0438907146453857, 1.9875612258911133, 1.9626567363739014, 1.9450228214263916, 1.931985855102539, 1.9224603176116943, 1.9160573482513428, 1.9128450155258179, 1.9133732318878174, 1.9192911386489868, 1.9381111860275269], "PuntosY": [-0.5258358716964722, -0.5030797719955444, -0.48389387130737305, -0.4662117063999176, -0.4495198726654053, -0.43370211124420166, -0.4185120463371277, -0.403848260641098, -0.3897094130516052, -0.3761731684207916, -0.36348313093185425, -0.3523516058921814, 0.8051100373268127, 0.8030268549919128, 0.8129590153694153, 0.8256133198738098, 0.8400514125823975, 0.8559346795082092, 0.8731977939605713, 0.8919744491577148, 0.9126322865486145, 0.936100959777832, 0.9663066864013672]}
{"Iteraciones totales": 5}
