{"TiempoSleep": 15, "MaxIteraciones": 30}
{"Iteracion": 0, "PuntosX": [1.7264556884765625, 1.7049332857131958, 1.6935585737228394, 1.6872130632400513, 1.68407142162323, 1.6833473443984985, 1.6846933364868164, 1.6888442039489746, 1.695238471031189, 1.7042386531829834, 1.7168333530426025, 1.7353284358978271, 1.7705411911010742, 1.8691673278808594, 1.8281134366989136, 1.8078913688659668, 1.7941653728485107, 1.7844141721725464, 1.7775812149047852, 1.7732080221176147, 1.7712005376815796, 1.7723228931427002, 1.7763869762420654, 1.7844958305358887, 1.7997084856033325], "PuntosY": [-0.3827459216117859, -0.36239469051361084, -0.3445582389831543, -0.3279608190059662, -0.31212395429611206, -0.2968193590641022, -0.2819209098815918, -0.267486572265625, -0.25335484743118286, -0.23951499164104462, -0.22602543234825134, -0.21307151019573212, -0.20172761380672455, 0.29604703187942505, 0.3059212565422058, 0.31877991557121277, 0.3325287997722626, 0.346855103969574, 0.36165302991867065, 0.37690719962120056, 0.39266595244407654, 0.40917298197746277, 0.4264727532863617, 0.44492489099502563, 0.4654362201690674]}
{"Iteracion": 1, "PuntosX": [1.7285937070846558, 1.7066594362258911, 1.695054054260254, 1.6885528564453125, 1.6852915287017822, 1.6844664812088013, 1.6857203245162964, 1.68986976146698, 1.6961710453033447, 1.7050663232803345, 1.7175281047821045, 1.735830307006836, 1.7697912454605103, 1.870889663696289, 1.8293561935424805, 1.8090544939041138, 1.7952789068222046, 1.7854928970336914, 1.7786327600479126, 1.7742365598678589, 1.772226095199585, 1.7733299732208252, 1.7773783206939697, 1.7854701280593872, 1.8006309270858765], "PuntosY": [-0.38321995735168457, -0.3627616763114929, -0.3448623716831207, -0.3282213509082794, -0.3123500943183899, -0.29701676964759827, -0.2820926904678345, -0.2676490247249603, -0.25349435210227966, -0.2396315038204193, -0.22611694037914276, -0.21313312649726868, -0.20164209604263306, 0.2963198125362396, 0.30612921714782715, 0.31898507475852966, 0.3327350914478302, 0.3470648229122162, 0.36186692118644714, 0.37712574005126953, 0.3928932547569275, 0.40940552949905396, 0.42671075463294983, 0.4451677203178406, 0.4656746983528137]}
{"Iteracion": 2, "PuntosX": [1.7015055418014526, 1.682039737701416, 1.670352816581726, 1.6629401445388794, 1.6583855152130127, 1.6567134857177734, 1.657224178314209, 1.659603476524353, 1.663995385169983, 1.6713305711746216, 1.682113766670227, 1.6978193521499634, 1.7272396087646484, 2.123720645904541, 2.0919344425201416, 2.0739259719848633, 2.0616061687469482, 2.0533862113952637, 2.0486085414886475, 2.0471408367156982, 2.049332857131958, 2.0562362670898438, 2.070458173751831, 2.120527982711792], "PuntosY": [-0.20891864597797394, -0.1916440725326538, -0.17556118965148926, -0.16012273728847504, -0.14508995413780212, -0.1303861141204834, -0.11588416248559952, -0.10150565952062607, -0.08720625191926956, -0.07297176122665405, -0.058740608394145966, -0.04445889964699745, -0.030149148777127266, 0.3553888499736786, 0.3688644468784332, 0.3843793272972107, 0.40073564648628235, 0.4177660644054413, 0.43544530868530273, 0.453840434551239, 0.47312578558921814, 0.4936586916446686, 0.5162232518196106, 0.5484057664871216]}
{"Iteracion": 3, "PuntosX": [1.8130369186401367, 1.7646090984344482, 1.7505717277526855, 1.7429429292678833, 1.7391901016235352, 1.738250494003296, 1.7396515607833862, 1.7439302206039429, 1.7506439685821533, 1.7601090669631958, 1.7732889652252197, 1.792397141456604, 1.828901767730713, 2.374837875366211, 2.323246955871582, 2.3012161254882812, 2.287393093109131, 2.2786617279052734, 2.274169445037842, 2.273764133453369, 2.277914524078369, 2.287997245788574, 2.31203031539917], "PuntosY": [-0.46888312697410583, -0.43996649980545044, -0.420274943113327, -0.40239012241363525, -0.3855692148208618, -0.3694765567779541, -0.3539358973503113, -0.3389855921268463, -0.3244626522064209, -0.31035465002059937, -0.2967466711997986, -0.28388768434524536, -0.27333107590675354, 0.3337617814540863, 0.34721171855926514, 0.36447685956954956, 0.38277819752693176, 0.40178951621055603, 0.4214923679828644, 0.4419749975204468, 0.4634469747543335, 0.48632898926734924, 0.5125649571418762]}
{"Iteracion": 4, "PuntosX": [1.7066298723220825, 1.6840969324111938, 1.6770576238632202, 1.675358772277832, 1.6769962310791016, 1.6815861463546753, 1.6887413263320923, 1.698277473449707, 1.7104979753494263, 1.7261619567871094, 1.7469940185546875, 1.7796775102615356, 1.7293998003005981, 1.7027796506881714, 1.684723138809204, 1.6708836555480957, 1.6599998474121094, 1.6521388292312622, 1.6464624404907227, 1.6429647207260132, 1.641936182975769, 1.6441218852996826, 1.6512947082519531, 1.668448567390442], "PuntosY": [-0.9460005164146423, -0.9143902659416199, -0.8917073607444763, -0.8721365332603455, -0.8544723391532898, -0.8384076952934265, -0.8236543536186218, -0.8100370764732361, -0.7976183295249939, -0.7866572737693787, -0.7778119444847107, -0.7738258242607117, 0.6465962529182434, 0.6536360383033752, 0.6636300086975098, 0.6750811338424683, 0.687594473361969, 0.7012915015220642, 0.7159024477005005, 0.731495201587677, 0.7482738494873047, 0.7666668891906738, 0.7876272797584534, 0.8137568235397339]}
{"Iteracion": 5, "PuntosX": [1.902694582939148, 1.8827027082443237, 1.8736255168914795, 1.869770884513855, 1.8695323467254639, 1.8722368478775024, 1.8776839971542358, 1.8860398530960083, 1.897924780845642, 1.9148577451705933, 1.940796971321106, 1.783355951309204, 1.7532601356506348, 1.7349717617034912, 1.722320795059204, 1.71317720413208, 1.706637978553772, 1.7023059129714966, 1.7003461122512817, 1.7011464834213257, 1.7046020030975342, 1.7116901874542236, 1.724675178527832, 1.757908821105957], "PuntosY": [-0.6182229518890381, -0.5936139822006226, -0.5728247165679932, -0.5538516044616699, -0.5360797643661499, -0.5192171931266785, -0.5031239986419678, -0.48776277899742126, -0.4732058644294739, -0.45971670746803284, -0.44806817173957825, 0.29843151569366455, 0.3091472089290619, 0.32155799865722656, 0.3347854018211365, 0.3485499918460846, 0.36275729537010193, 0.3773922920227051, 0.39255592226982117, 0.4084092974662781, 0.42500510811805725, 0.4426732063293457, 0.46212542057037354, 0.4875113070011139]}
{"Iteracion": 6, "PuntosX": [1.890508770942688, 1.8442366123199463, 1.8286219835281372, 1.819602131843567, 1.8144652843475342, 1.8125795125961304, 1.813530683517456, 1.8169022798538208, 1.8228721618652344, 1.8320027589797974, 1.845591425895691, 1.8668568134307861, 2.260983467102051, 2.235109329223633, 2.219038724899292, 2.2089569568634033, 2.2029905319213867, 2.2008252143859863, 2.2027010917663574, 2.20959734916687, 2.2239930629730225, 2.2647359371185303], "PuntosY": [-0.31636250019073486, -0.29209837317466736, -0.27328938245773315, -0.25572824478149414, -0.23887884616851807, -0.22255681455135345, -0.20662568509578705, -0.1909642219543457, -0.17552252113819122, -0.1602795571088791, -0.14525103569030762, -0.13054324686527252, 0.31776073575019836, 0.3340394198894501, 0.351461261510849, 0.3696526885032654, 0.3884468376636505, 0.40789884328842163, 0.4281618595123291, 0.44954779744148254, 0.472724586725235, 0.5020800232887268]}
{"Iteracion": 7, "PuntosX": [2.297041654586792, 2.2639389038085938, 2.2486982345581055, 2.240201234817505, 2.2364892959594727, 2.236788272857666, 2.24098539352417, 2.2495429515838623, 2.263770580291748, 2.2909281253814697, 2.1295228004455566, 2.096651077270508, 2.074880361557007, 2.0583698749542236, 2.045945882797241, 2.0372722148895264, 2.032578706741333, 2.032824754714966, 2.0432541370391846], "PuntosY": [-0.2009650021791458, -0.17817586660385132, -0.15724414587020874, -0.1370164304971695, -0.11720943450927734, -0.09766057133674622, -0.0782570093870163, -0.0589061938226223, -0.03951441869139671, -0.01999250426888466, 1.1562364101409912, 1.1621928215026855, 1.1739109754562378, 1.1884000301361084, 1.2051539421081543, 1.224116563796997, 1.2455661296844482, 1.270249843597412, 1.3016961812973022]}
{"Iteracion": 8,