{"TiempoSleep": 5, "MaxIteraciones": 50}
{"Iteracion": 0, "PuntosX": [2.8911051750183105, 2.853062152862549, 2.8410654067993164, 2.8493492603302, 2.7315850257873535, 2.7116973400115967, 2.706134080886841], "PuntosY": [1.7716718912124634, 1.7827913761138916, 1.809959053993225, 1.8503893613815308, 1.8773666620254517, 1.8987514972686768, 1.9302668571472168]}
{"Iteracion": 1, "PuntosX": [2.9336531162261963, 2.920229434967041, 2.916963577270508, 2.9304816722869873, 2.8195953369140625, 2.7898688316345215, 2.7789454460144043, 2.7893877029418945], "PuntosY": [1.3061468601226807, 1.3308253288269043, 1.3602029085159302, 1.397768259048462, 1.4057981967926025, 1.4215095043182373, 1.4466278553009033, 1.483143925666809]}
{"Iteracion": 2, "PuntosX": [3.0305519104003906, 3.019331455230713, 3.018970012664795, 3.0305674076080322, 2.8958380222320557, 2.8851330280303955, 2.8823628425598145, 2.8942487239837646], "PuntosY": [0.8404464721679688, 0.8657795190811157, 0.8942599296569824, 0.9265376329421997, 0.9409149885177612, 0.9653524160385132, 0.9924770593643188, 1.024907112121582]}
{"Iteracion": 3, "PuntosX": [3.3311767578125, 3.3187994956970215, 3.330679416656494, 3.366504669189453, 3.2020068168640137, 3.1898441314697266, 3.188995361328125, 3.2013864517211914], "PuntosY": [0.7690625786781311, 0.7967731952667236, 0.8304318189620972, 0.8706372976303101, 0.85797518491745, 0.8846219778060913, 0.9144299626350403, 0.948293924331665]}
{"Iteracion": 4, "PuntosX": [3.079806089401245, 3.043813467025757, 3.034125804901123, 3.0445876121520996, 3.0674922466278076, 2.9173481464385986, 2.905510902404785, 2.900919198989868, 2.9115350246429443, 2.9437716007232666], "PuntosY": [0.48779332637786865, 0.50935959815979, 0.5349981188774109, 0.5642809271812439, 0.596260130405426, 0.5935410857200623, 0.6175854206085205, 0.6431183815002441, 0.6721805930137634, 0.7067371606826782]}
{"Iteracion": 5, "PuntosX": [3.370497703552246, 3.357647657394409, 3.3646976947784424, 3.379040241241455, 3.232138156890869, 3.2204201221466064, 3.231085777282715, 3.249610185623169], "PuntosY": [0.11770042777061462, 0.14659813046455383, 0.17633628845214844, 0.20667129755020142, 0.22601287066936493, 0.25345250964164734, 0.28268328309059143, 0.3129015266895294]}
{"Iteracion": 6, "PuntosX": [3.0000836849212646, 2.987823963165283, 2.996821641921997, 2.8668994903564453, 2.8552284240722656, 2.858677387237549, 2.867560863494873, 2.8893465995788574], "PuntosY": [-0.4483652412891388, -0.4199112057685852, -0.3945392668247223, -0.3520110249519348, -0.3253117799758911, -0.30045920610427856, -0.27611440420150757, -0.2527848780155182]}
{"Iteracion": 7, "PuntosX": [3.3212316036224365, 3.3127219676971436, 3.190244197845459, 3.1760752201080322, 3.1834628582000732, 3.193268299102783, 3.223733425140381], "PuntosY": [-0.8280758857727051, -0.7953138947486877, -0.7365258932113647, -0.7041188478469849, -0.6766662001609802, -0.6496776342391968, -0.6266301870346069]}
{"Iteracion": 8, "PuntosX": [3.0879783630371094, 2.9617223739624023, 2.9516072273254395, 2.961059331893921, 2.974015951156616, 3.0010616779327393], "PuntosY": [-1.247624397277832, -1.166653037071228, -1.1330156326293945, -1.1070945262908936, -1.0824534893035889, -1.0627315044403076]}
{"Iteracion": 9, "PuntosX": [3.0617175102233887, 2.9245827198028564, 2.929558753967285, 2.939431667327881, 2.963966131210327, 3.003979206085205], "PuntosY": [-1.6279438734054565, -1.5224415063858032, -1.492685079574585, -1.4655464887619019, -1.4456230401992798, -1.432824730873108]}
{"Iteracion": 10, "PuntosX": [3.206585645675659, 3.1581778526306152, 3.1464648246765137, 3.155430555343628, 3.182467222213745, 3.049818992614746, 3.0202126502990723, 3.01031494140625, 3.0221712589263916, 3.061149835586548], "PuntosY": [0.7698329091072083, 0.7874222993850708, 0.8137309551239014, 0.8454951047897339, 0.8825763463973999, 0.8745215535163879, 0.8946278691291809, 0.9203457832336426, 0.9528870582580566, 0.9946282505989075]}
{"Iteracion": 11, "PuntosX": [3.1965794563293457, 3.1845171451568604, 3.1942005157470703, 3.064070701599121, 3.0519282817840576, 3.055558919906616, 3.0651211738586426, 3.0930464267730713], "PuntosY": [-0.335973858833313, -0.30663394927978516, -0.27945634722709656, -0.2411474883556366, -0.21341122686862946, -0.18688593804836273, -0.16063599288463593, -0.13504545390605927]}
{"Iteracion": 12, "PuntosX": [3.087575674057007, 3.066004753112793, 3.0693624019622803, 3.0888800621032715, 3.194338321685791, 3.172945022583008, 3.1705636978149414, 3.18082857131958], "PuntosY": [-0.35178473591804504, -0.32225021719932556, -0.2955455780029297, -0.2702418863773346, -0.22336988151073456, -0.1940658539533615, -0.16616235673427582, -0.13887816667556763]}
{"Iteracion": 13, "PuntosX": [2.8671815395355225, 2.831930160522461, 2.812659502029419, 2.795318126678467, 2.7996978759765625, 2.8971962928771973, 2.9025728702545166], "PuntosY": [1.7570114135742188, 1.7695866823196411, 1.7918624877929688, 1.8153011798858643, 1.8530797958374023, 1.954183578491211, 1.9948830604553223]}
{"Iteracion": 14, "PuntosX": [3.1129815578460693, 3.08251953125, 3.064803123474121, 3.060648202896118, 3.1858606338500977, 3.1676881313323975, 3.162498712539673], "PuntosY": [1.1023646593093872, 1.1219453811645508, 1.1458829641342163, 1.1748731136322021, 1.2549439668655396, 1.2798292636871338, 1.3099501132965088]}
{"Iteracion": 15, "PuntosX": [3.344156265258789, 3.323438882827759, 3.3136374950408936, 3.3173182010650635, 3.4643616676330566, 3.431195020675659, 3.4143130779266357, 3.418346881866455], "PuntosY": [0.17525988817214966, 0.20327065885066986, 0.2317119985818863, 0.26107877492904663, 0.3030923902988434, 0.3303864896297455, 0.35885897278785706, 0.38947156071662903]}
{"Iteracion": 16, "PuntosX": [2.8959381580352783, 2.8778762817382812, 2.8654932975769043, 2.868664503097534, 2.9045417308807373, 2.9971184730529785, 2.9791080951690674, 2.967374086380005, 2.9708733558654785], "PuntosY": [0.1264396756887436, 0.15082310140132904, 0.1752612441778183, 0.20059633255004883, 0.22859227657318115, 0.2622138559818268, 0.28685542941093445, 0.3118836581707001, 0.33848825097084045]}
{"Iteracion": 17, "PuntosX": [3.164048194885254, 3.1398568153381348, 3.133319139480591, 3.1374247074127197, 3.3018081188201904, 3.248507261276245, 3.234031915664673, 3.237739086151123, 3.2770586013793945], "PuntosY": [-0.586421549320221, -0.5536413788795471, -0.5243377089500427, -0.49691900610923767, -0.46403881907463074, -0.4276740550994873, -0.3970894515514374, -0.3688937723636627, -0.34443268179893494]}
{"Iteracion": 18, "PuntosX": [2.996023178100586, 2.9959115982055664, 3.010531425476074, 3.119266986846924, 3.0949981212615967, 3.098771810531616, 3.123558759689331], "PuntosY": [-1.1801646947860718, -1.1500228643417358, -1.1255911588668823, -1.074049472808838, -1.0355720520019531, -1.0068520307540894, -0.9848542213439941]}
{"Iteracion": 19, "PuntosX": [2.9778077602386475, 2.975632429122925, 2.993652582168579, 3.06870698928833, 3.102627754211426, 3.0749359130859375, 3.079050302505493, 3.1098365783691406], "PuntosY": [-1.684762954711914, -1.6494207382202148, -1.625421166419983, -1.6316604614257812, -1.580868124961853, -1.5331063270568848, -1.5017534494400024, -1.4833163022994995]}
{"Iteracion": 20, "PuntosX": [2.865659713745117, 2.848231792449951, 2.834601640701294, 2.8377671241760254, 2.8724048137664795, 2.964138984680176, 2.9466605186462402, 2.9370360374450684, 2.9405481815338135], "PuntosY": [0.2507127821445465, 0.27425339818000793, 0.2979287803173065, 0.32332271337509155, 0.3526872396469116, 0.3902363181114197, 0.4141261577606201, 0.43894293904304504, 0.465736985206604]}
{"Iteracion": 21, "PuntosX": [3.2694122791290283, 3.230034828186035, 3.211359739303589, 3.2054989337921143, 3.2318785190582275, 3.3227109909057617, 3.3051884174346924, 3.3094964027404785], "PuntosY": [0.7849162817001343, 0.8053379058837891, 0.8305138945579529, 0.8589107990264893, 0.8962790369987488, 0.9527719020843506, 0.9790414571762085, 1.0118143558502197]}
{"Iteracion": 22,