{"TiempoSleep": 10, "MaxIteraciones": 10}
{"Iteracion": 0, "PuntosX": [0.44552892446517944, 0.43274617195129395, 0.43012118339538574, 0.42749419808387756, 0.42491063475608826, 0.4223692715167999, 0.4198685884475708, 0.41740697622299194, 0.4149835705757141, 0.4134225845336914, 0.41516000032424927, 0.4170432984828949, 0.41898268461227417, 0.42093417048454285, 0.42289838194847107, 0.4248753786087036, 0.4268655776977539, 0.42886966466903687, 0.43088793754577637, 0.4329211413860321, 0.43496939539909363, 0.44407039880752563, 0.45412737131118774, 0.46463415026664734, 0.47562354803085327, 0.4866904020309448, 0.4862230718135834, 0.4750664234161377, 0.4640808701515198, 0.45357802510261536, 0.44352492690086365, 0.43524327874183655, 0.4331923723220825, 0.4311566948890686, 0.4291357100009918, 0.4271291196346283, 0.4251362979412079, 0.42315682768821716, 0.4211905002593994, 0.41923636198043823, 0.41729453206062317, 0.4154316782951355, 0.41369205713272095, 0.4157758951187134, 0.41820213198661804, 0.4206661880016327, 0.42316973209381104, 0.42571377754211426, 0.42830008268356323, 0.4309294819831848, 0.43351706862449646, 0.4698200225830078], "PuntosY": [-0.12775330245494843, -0.1200110912322998, -0.1152506023645401, -0.11055746674537659, -0.10594206303358078, -0.10140186548233032, -0.0969342514872551, -0.09253687411546707, -0.08820747584104538, -0.08411172032356262, -0.0806988850235939, -0.07729437947273254, -0.07387789338827133, -0.07044018805027008, -0.06698048114776611, -0.06349800527095795, -0.05999200791120529, -0.05646175891160965, -0.05290639400482178, -0.04932510852813721, -0.04571710154414177, -0.04275910183787346, -0.0397309847176075, -0.03656749799847603, -0.03325880691409111, -0.0297672301530838, 0.02973875217139721, 0.03321987763047218, 0.03652398660778999, 0.03968295827507973, 0.042706575244665146, 0.04574594274163246, 0.049356043338775635, 0.052939433604478836, 0.05649682134389877, 0.060029082000255585, 0.06353706121444702, 0.06702146679162979, 0.07048312574625015, 0.07392268627882004, 0.07734096050262451, 0.08075176179409027, 0.08416660875082016, 0.08837593346834183, 0.09271319210529327, 0.09711842983961105, 0.10159408301115036, 0.10614240914583206, 0.11076593399047852, 0.11546726524829865, 0.12022493034601212, 0.13471870124340057]}
{"Iteracion": 1, "PuntosX": [0.466013103723526, 0.4341639280319214, 0.43154749274253845, 0.4289110004901886, 0.4263184070587158, 0.42376795411109924, 0.42125841975212097, 0.41878804564476013, 0.41635599732398987, 0.4144842028617859, 0.41622576117515564, 0.418109655380249, 0.4200538694858551, 0.42201030254364014, 0.4239790141582489, 0.4259607493877411, 0.4279557168483734, 0.42996475100517273, 0.43198785185813904, 0.4340257942676544, 0.4360789656639099, 0.4448986053466797, 0.45497220754623413, 0.4654964208602905, 0.476503849029541, 0.4876375198364258, 0.4873182773590088, 0.47609958052635193, 0.46508798003196716, 0.45455947518348694, 0.44448286294937134, 0.43637415766716003, 0.43431758880615234, 0.4322763681411743, 0.43024981021881104, 0.4282377064228058, 0.42623916268348694, 0.4242541193962097, 0.4222821295261383, 0.42032286524772644, 0.4183754622936249, 0.41650891304016113, 0.4147643744945526, 0.41710159182548523, 0.4195347726345062, 0.42200639843940735, 0.42451754212379456, 0.42706921696662903, 0.4296632707118988, 0.4323008060455322, 0.43488261103630066, 0.4869942367076874], "PuntosY": [-0.1336270421743393, -0.12040425091981888, -0.11563275754451752, -0.1109238788485527, -0.10629304498434067, -0.10173764824867249, -0.09725508093833923, -0.09284303337335587, -0.08849915862083435, -0.08432768285274506, -0.08090604096651077, -0.07749193906784058, -0.07406677305698395, -0.07062023133039474, -0.06715162098407745, -0.06366018950939178, -0.06014520674943924, -0.05660590901970863, -0.053041402250528336, -0.04945094883441925, -0.04583372548222542, -0.04283881187438965, -0.039804887026548386, -0.036635346710681915, -0.03332032635807991, -0.029825152829289436, 0.029805760830640793, 0.033292125910520554, 0.03660324960947037, 0.03976885974407196, 0.04279882833361626, 0.04586482420563698, 0.0494842529296875, 0.05307693034410477, 0.0566435344517231, 0.06018491089344025, 0.06370189785957336, 0.06719530373811722, 0.07066581398248672, 0.07411429286003113, 0.07754131406545639, 0.08096115291118622, 0.08438480645418167, 0.08865773677825928, 0.09300867468118668, 0.09742790460586548, 0.10191766172647476, 0.10648035258054733, 0.11111849546432495, 0.11583471298217773, 0.12060363590717316, 0.13964340090751648]}
{"Iteracion": 2, "PuntosX": [0.8124927282333374, 0.7856150269508362, 0.7815696001052856, 0.7774615287780762, 0.7734033465385437, 0.7693939208984375, 0.7654322981834412, 0.768018364906311, 0.7717087268829346, 0.7754308581352234, 0.77918541431427, 0.7829738855361938, 0.7867966294288635, 0.8071584701538086, 0.8298736214637756, 0.8288330435752869, 0.8096500635147095, 0.7913098335266113, 0.7845824956893921, 0.7808722853660583, 0.7771902680397034, 0.773535430431366, 0.7699073553085327, 0.7664328217506409, 0.7683205604553223, 0.7725299596786499, 0.776797354221344, 0.7811249494552612, 0.7854657173156738, 0.8199157118797302], "PuntosY": [-0.1069667860865593, -0.09646141529083252, -0.08904861658811569, -0.08171450346708298, -0.07447022944688797, -0.06731324642896652, -0.060240793973207474, -0.05370500311255455, -0.047199711203575134, -0.04063861817121506, -0.03401998430490494, -0.027342068031430244, -0.020603010430932045, -0.014089069329202175, -0.007242177147418261, 0.05795762687921524, 0.06372083723545074, 0.06923065334558487, 0.07554668188095093, 0.08207301050424576, 0.0885496586561203, 0.09497824311256409, 0.1013602614402771, 0.10771510750055313, 0.11482630670070648, 0.12235677242279053, 0.1299912929534912, 0.13773338496685028, 0.14557741582393646, 0.15937548875808716]}
{"Iteracion": 3, "PuntosX": [1.050504207611084, 1.0119967460632324, 1.0069221258163452, 1.0017350912094116, 0.9966087341308594, 0.9915404319763184, 0.9944904446601868, 0.9993042945861816, 1.0041615962982178, 1.0090631246566772, 1.0196505784988403, 1.048331379890442, 1.0628244876861572, 1.0372042655944824, 1.0131187438964844, 1.0082800388336182, 1.0034798383712769, 0.9987183213233948, 0.9939939379692078, 0.9929262399673462, 0.9981975555419922, 1.0035368204116821, 1.0089459419250488, 1.0245890617370605], "PuntosY": [-0.11041237413883209, -0.0974440798163414, -0.08809426426887512, -0.07883822917938232, -0.06968952715396881, -0.06064523756504059, -0.052118945866823196, -0.04363056644797325, -0.03506603464484215, -0.02642321027815342, -0.017798110842704773, -0.009148518554866314, 0.05570031702518463, 0.0634383037686348, 0.0708441436290741, 0.07935337722301483, 0.08779321610927582, 0.09616567939519882, 0.10447307676076889, 0.11312970519065857, 0.12256336212158203, 0.13211828470230103, 0.14179813861846924, 0.15312592685222626]}
{"Iteracion": 4, "PuntosX": [1.24823796749115, 1.2337427139282227, 1.2275394201278687, 1.2214027643203735, 1.217345118522644, 1.2232028245925903, 1.2292237281799316, 1.235303282737732, 1.2563265562057495, 1.2643946409225464, 1.2381097078323364, 1.2322125434875488, 1.2263619899749756, 1.2205568552017212, 1.2187366485595703, 1.2252020835876465, 1.2317506074905396, 1.23819899559021], "PuntosY": [-0.07634557038545609, -0.06465775519609451, -0.053595636039972305, -0.04265235364437103, -0.031877268105745316, -0.021351158618927002, -0.010727239772677422, 3.037348506040871e-08, 0.01096380315721035, 0.08841507881879807, 0.09744136780500412, 0.10780464112758636, 0.11808518320322037, 0.1282857209444046, 0.13885746896266937, 0.15043602883815765, 0.16216309368610382, 0.174017533659935]}
{"Iteracion": 5, "PuntosX": [1.4187960624694824, 1.4078352451324463, 1.4007105827331543, 1.393663763999939, 1.3973478078842163, 1.4041602611541748, 1.4110361337661743, 1.435490369796753, 1.44314444065094, 1.4132338762283325, 1.4064263105392456, 1.3996762037277222, 1.3931126594543457, 1.3990012407302856, 1.4062631130218506, 1.4135017395019531],